variant,dtype,stage,original_observations,original_mean,original_median,original_p95,original_maximum,fixed_observations,fixed_mean,fixed_median,fixed_p95,fixed_maximum,mean_reduction_factor,p95_reduction_factor
mspki,float64,D2_post_context,96,0.000357253587752,0.000336946760181,0.000745842777638,0.0009578063549138,96,1.177955519531301e-13,7.765211247939755e-14,1.9237529618403638e-13,1.221720175051672e-12,3032827486.509408,3877019515.668412
mspki,float64,D2_pre_context,96,1.0796035479495221e-13,7.728509039625732e-14,1.5338435360866379e-13,1.0017357547776717e-12,96,1.0941127440689066e-13,7.88820347186349e-14,1.9476333817088826e-13,1.0158188674272224e-12,0.9867388473463656,0.7875422297089715
mspki,float64,D3,96,1.2191861606857841e-13,8.93306009102745e-14,1.8838458306599402e-13,9.06317120957494e-13,96,1.2413782545338792e-13,8.669421956315788e-14,2.153451064714193e-13,8.868239107735043e-13,0.9821230203066286,0.8748031759477037
mspki,float64,S2,96,1.9737561356605701e-13,1.1637733167523266e-13,2.897253409434857e-13,2.3451985317323023e-12,96,1.9662686703571773e-13,1.1667825496811786e-13,3.619866362883223e-13,2.381299018232578e-12,1.0038079563674442,0.8003757926376031
mspki,float64,S3,96,1.877268736372613e-13,1.263668890215419e-13,3.459140959393646e-13,1.563884096324695e-12,96,1.8712218448520898e-13,1.2713161112584904e-13,3.4327172829727344e-13,1.5623815650575313e-12,1.0032315203764635,1.0076975976297204
mspki,float64,S4_post_context,96,1.4516920154816598e-13,1.0302915863638318e-13,2.432421221730191e-13,1.2513140333285592e-12,96,1.456466316023811e-13,1.0019441094957945e-13,2.509285182887211e-13,1.1607969350480752e-12,0.9967219972823091,0.9693681843414149
mspki,float64,S4_pre_context,96,1.4516920154816598e-13,1.0302915863638318e-13,2.432421221730191e-13,1.2513140333285592e-12,96,1.456466316023811e-13,1.0019441094957945e-13,2.509285182887211e-13,1.1607969350480752e-12,0.9967219972823091,0.9693681843414149
mspki,float64,coarse_RI,96,1.4513075539798997e-13,1.0133807495739492e-13,3.107795924171691e-13,1.091197712935154e-12,96,1.5504624977610134e-13,1.102851242113743e-13,3.869047401049836e-13,9.951398073209556e-13,0.9360481508425382,0.8032457610440272
mspki,float64,final_RE,96,0.0001993650353799,0.0001611385725654,0.0005937905566242,0.000914712731137,96,8.251310116619229e-14,5.72285273897652e-14,2.2604126543363387e-13,4.283905188570377e-13,2416162191.9694,2626912194.4839673
mspki,float64,fine_RI,96,0.0003025493538043,0.0002956568818089,0.0006248825526381,0.0008207213667168,96,9.476901617841311e-14,6.375123995264046e-14,1.5504018545446186e-13,9.83704870522195e-13,3192492293.417054,4030455399.7172523
