file,bytes,sha256,source_sha256
3DMatch_ablation_new/baseline/re_official/seed_2026/resolved_config.json,5452,1269a0de822933e67a3b4771643c23da72b9e8f97f86c895e5af23900ab6859c,96d78eff7d03e50d8e9ed3ff3f1439697ef619e443deaee6840f16fadef7514b
3DMatch_ablation_new/baseline/re_official/seed_2026/snapshots/best.pth.tar,15468120,663567a962666bbecac3e067a296d7331715cfc45ff645e6821d006e93cb4148,6c6e8c7dd01f6cad8ef9543d2e13ce5244c001b63678f13ede4a9fb9693b80ae
3DMatch_ablation_new/baseline/re_official/seed_3407/resolved_config.json,5507,4055959488848657c4afa9123831f6c080c11e22938b9766dd32418d85ea6149,1302382856f2aa16fd24df3cd97740b1f966283c683391285b173a8920a4141a
3DMatch_ablation_new/baseline/re_official/seed_3407/snapshots/best.pth.tar,15468221,7cd83aab5dc01dc795e41af6c5fd53b83e28e0ff716578bbf9eb6abb7a32bf35,d89610f1cae0de232cfddfea2ad9606ae4324c828a22eec8d5903ea94be7409e
3DMatch_ablation_new/baseline/re_official/seed_7351/resolved_config.json,5451,319f9072fdb6173737c6b355269ed681290aa7729814b210b1b0c68b25a27af9,b5ae7a6c26b46fe272024f1d761cb4ed7c78719e8e6c19cf0d91f57ee0f2ab0b
3DMatch_ablation_new/baseline/re_official/seed_7351/snapshots/best.pth.tar,15468207,bfe9ca3999c71e9d12509f347dd87acdae137a4ec1bc54b84ffb36261bfb03bd,a90505165e3114cf9b342c980ddb658f1501f8df157c605bc38dc1a8de20cfb6
3DMatch_ablation_new/mspki/re_official/seed_2026/resolved_config.json,5422,4c77dd55267c44c58fe0cc8d7c305106e758e245010eb000c41e75af407659f3,46c7bb65ef4edc0a814e6add86a1084c3643672cf8efa6889e42b97c69cadade
3DMatch_ablation_new/mspki/re_official/seed_2026/snapshots/best.pth.tar,15740429,bbc203bc2b1a07fa46919bbb8252f6d84b1f9b660a19402ed9ed2845c81f98b1,85b53f10c2b27522ed1606bc3076a2b8ff0ebffc1b0a81ab3275628009f6f6ff
3DMatch_ablation_new/mspki/re_official/seed_3407/resolved_config.json,5478,681d7b3fd1ddea6e5264156e1c3e71c1e08afb8b694d369c3a160dcedddd5d17,741548cdecd45552f950ce38a8bf04b43e0ebeecabb434387bde79b3a499059a
3DMatch_ablation_new/mspki/re_official/seed_3407/snapshots/best.pth.tar,15742886,7ad76e6e206097352abc0f2435b31353feec9bec3519affb9c25191753ae7b05,6a18a98d76d5fe90f80bd79567fc519e72ca459bcbf8cfd93c9df29f9adf98f8
3DMatch_ablation_new/mspki/re_official/seed_7351/resolved_config.json,5478,298bd88e159585bc9cfe5765254b3e2187b825e672d0c7c862a85ca2e2866707,1cc060405140373dd0b2d816ca554f0fbf8848b7be2fc6837e13cd065804327e
3DMatch_ablation_new/mspki/re_official/seed_7351/snapshots/best.pth.tar,15740470,e69373a058a51c4b5495c93bfdbb2c1e25226a220f488d1cf26bfdde572d3d88,e3757d69b40a51d68453e46ae853d310adf7a98a3a5461ec832b81677bd23160
3DMatch_ablation_new/mspki_coarse/re_official/seed_7351/resolved_config.json,5493,402cce6cb290d09861825a1c3c6e87bf207c4326738d3290a6c14ee3ec4b5795,f42b9ba7fd6b3e83b059e31eb141dd63acd585eb8e349f3893eb3cc7536f840a
3DMatch_ablation_new/mspki_coarse/re_official/seed_7351/snapshots/best.pth.tar,17272182,d35c548e819671ac4cd9ecb7105e1624beda90735dd3d54a099066d3967462fe,e64c958cc287549989563a501db4c281f1ee7a5fa93d26a151ed19724264beec
3DMatch_homogeneous_ablation/mspki/re_official/seed_7351/ms16-16-16/resolved_config.json,5617,2de3168eee5d8151cbd2e2c894d025259e14a002bf31e30ce016238612246533,8aa5a1725b90556998fe0e1d6d29196a876b3f9ad21032fe8be066f9b7ca1cc7
3DMatch_homogeneous_ablation/mspki/re_official/seed_7351/ms16-16-16/snapshots/best.pth.tar,15740661,3c1078cbca047123990f3157c453179ecff02df8dd671f83c6bb11bec1c1dc61,e7d4e02d591e62669720ebcac9596f864c34d62033c6f8bc3f7a78d8611e721e
3DMatch_homogeneous_ablation/mspki/re_official/seed_7351/ms16-16-16/snapshots/best_metrics.json,600,0aa881f32b229a2db319863472a886ba0286c10bc1aaa54edd00bc5d36109fa5,00150926016e397d23c82df528485bd5210f6c205a3e1ee1f866d55dc5103525
3DMatch_homogeneous_ablation/mspki/re_official/seed_7351/ms32-32-32/resolved_config.json,5617,e7b7e6657868fe400d54c85d6941075f1c8fe588fc98a70e6548bc84f937621e,c4e6f3211e7f1c346bba988fb006b8bd3f4b7aa1e372aa9b04d339e883d3ff5d
3DMatch_homogeneous_ablation/mspki/re_official/seed_7351/ms32-32-32/snapshots/best.pth.tar,15740916,2435b0ff180f8c8c14281e382a30bb7fb90c45f7c353cc1a92758f3fd9d05f9d,1bcfe9faa186ddaa072655c8cc058e5258c4e9bc2c3262928c794c152499d35b
3DMatch_homogeneous_ablation/mspki/re_official/seed_7351/ms32-32-32/snapshots/best_metrics.json,601,5db0ed56eeb20d68df3d26c6a01679e70b054db664de8c5c1c873621f9efde9c,63f9d2111481de3bfd6bbaa6e555fa8de7c81892bcc0c2eda196389b034aaecb
3DMatch_homogeneous_ablation/mspki/re_official/seed_7351/ms8-8-8/resolved_config.json,5590,def0e4eb65bc95ae67f436344d148200098dcf176071b96c8d568a9224064432,01570075729916fe01fdb4351dcdabe6d6e660e46be47eda5979add371f27309
3DMatch_homogeneous_ablation/mspki/re_official/seed_7351/ms8-8-8/snapshots/best.pth.tar,15740609,88579ac1c2f1ff24a06eef94d1d8bb372758131e10da384d02bf03a3702e8bc7,d9f1bcca9b94b5b8cdbb9fa684cfa3e308777e7ac858e4b24860431dece6074b
3DMatch_homogeneous_ablation/mspki/re_official/seed_7351/ms8-8-8/snapshots/best_metrics.json,595,4187e27552d2ab7684c453c9f209853958342f580c7e4522b35c7baa586184b9,d3f60d2bed7b565521c8eaf4ca05fd62aadbe7e497928e0cf5f7b602792a6204
3DMatch_mechanism_ablation/mspki/re_official/seed_7351/fuseequal/resolved_config.json,5592,a7ad844eb07435f63871f0bd260983c1f1633846039477cb1b3474b5356c7420,822e4aff23b211007eb97e4d2e9b2ec50765d55d3b0a3fabef530ffb7e0f0dec
3DMatch_mechanism_ablation/mspki/re_official/seed_7351/fuseequal/snapshots/best.pth.tar,15740667,df007b22eff8c6bd49bdc119427db35bacefea4ba85ca15b9f408cc5756b6abe,e70058e0294a90398dcf39d1a21473be812b7a24746de1c376dd4ba8af149258
3DMatch_mechanism_ablation/mspki/re_official/seed_7351/ms32/resolved_config.json,5535,ca69fee6a0440778cdce05c41d649e2a9992a7c1cbbbf556a48f0fd34766cecc,c0651ea1eb52792444e370c1ce263d76eb58346c0063fc47b416060331b5ca64
3DMatch_mechanism_ablation/mspki/re_official/seed_7351/ms32/snapshots/best.pth.tar,15687549,b2be2518178f7b2d64c21131fbe842fb1c71eb4ddb8c683b7abd200d458cb4b3,403c61e8f6176f7b181e523a82e0a5d1a17fff7a101c99c337a4383a72003d89
3DMatch_mechanism_ablation_N16/mspki/re_official/seed_7351/ms16/resolved_config.json,5523,64c815177e8c65c0516c8e0e5e3ebafef51e499db2da20420af0a96ae25c2282,3920c1681c3a62c992a3342734f891f75709c7154290c1b1c8ea7697678596e3
3DMatch_mechanism_ablation_N16/mspki/re_official/seed_7351/ms16/snapshots/best.pth.tar,15687537,05ed2407ccc1c5b36d0e95fc02ae77a875c15569486bd9466e42a8fd16174b22,c200b1c8a8d96010abcfd8f405b3b75200f36ac555126a712c865a303c581b92
3DMatch_mechanism_ablation_N8/mspki/re_official/seed_7351/ms8/resolved_config.json,5547,437c6f8d9e1c6791a278a8eeb3e3144ecf75e8c715ce7095ee0437e948edc8d3,055f15583f703cc782d4b1375d9d531b9017ead35bbba11f65bfed49fb1df933
3DMatch_mechanism_ablation_N8/mspki/re_official/seed_7351/ms8/snapshots/best.pth.tar,15687514,f5f0e3013d52abfccd82661f7396d3bec182321d77084de9134724b1ca6f7df3,c60d9080c5b048c166584a4979cd20243f6107e00deea6c0beb46c8d38128a42
3DMatch_uniform_ablation/mspki/re_official/seed_7351/resolved_config.json,5498,f1626ec59a7e7ccac2291e1737a1dda6ed2fc94b3e9f237847ce90ebbed35eb3,82e8a7ad02b8e988d0ccb6f84be858d33a2b409d353b910dd2efb78512dce49f
3DMatch_uniform_ablation/mspki/re_official/seed_7351/snapshots/best.pth.tar,15740538,043c1971522f3655098a5fdd7686cdaea3dded10c63025a62044b0bcd8a79da7,c15d824a75a7bd4acc507172c181c7e3ddb5df7dd8dd37e5969d4ee76f0b74d2
KITTI_mspki/baseline/re_official/seed_2026/resolved_config.json,3956,dd575cb144183c7cded42e9d9a4869f59ff8443196c1a0e3c96446ec54bb899c,dd575cb144183c7cded42e9d9a4869f59ff8443196c1a0e3c96446ec54bb899c
KITTI_mspki/baseline/re_official/seed_2026/snapshots/best.pth.tar,8440041,755dcfbe1c6c4dc7b9bb36b2a56764aaf7eae0f01ca73e1830c378032f78aca5,755dcfbe1c6c4dc7b9bb36b2a56764aaf7eae0f01ca73e1830c378032f78aca5
KITTI_mspki/baseline/re_official/seed_3407/resolved_config.json,3956,bfcfdc83685805b5a321bca30353becd5fc282c7e5f1e8420b18fcab3a05780d,bfcfdc83685805b5a321bca30353becd5fc282c7e5f1e8420b18fcab3a05780d
KITTI_mspki/baseline/re_official/seed_3407/snapshots/best.pth.tar,8439977,179a58eded0756767da1beb42de81c7b93d78c2ad8657fd8aeffa261f5495661,179a58eded0756767da1beb42de81c7b93d78c2ad8657fd8aeffa261f5495661
KITTI_mspki/baseline/re_official/seed_7351/resolved_config.json,3956,6834d2845996e152d087f6537aa8b698d8392eef0edcd1f6a8a873a9616d1ca9,6834d2845996e152d087f6537aa8b698d8392eef0edcd1f6a8a873a9616d1ca9
KITTI_mspki/baseline/re_official/seed_7351/snapshots/best.pth.tar,8439977,cefda7e8b3619b3b663b935852c7fb635134274f997cccce396ba88234d4ff3b,cefda7e8b3619b3b663b935852c7fb635134274f997cccce396ba88234d4ff3b
KITTI_mspki/mspki/re_official/seed_2026/resolved_config.json,3930,36e44c2e032d42005c81f5528108fe7919c805b83b336e7414b2093b4494e6fd,36e44c2e032d42005c81f5528108fe7919c805b83b336e7414b2093b4494e6fd
KITTI_mspki/mspki/re_official/seed_2026/snapshots/best.pth.tar,8502727,81f1d7bcb8b7c3598ec3c023885e005fa8e11864d00aaee9a73408dd765deb19,81f1d7bcb8b7c3598ec3c023885e005fa8e11864d00aaee9a73408dd765deb19
KITTI_mspki/mspki/re_official/seed_3407/resolved_config.json,3930,adbbb49acb28f3515aa72dcf47d70e35e6a3a4a77031f1cd142eb7dbf5e59d73,adbbb49acb28f3515aa72dcf47d70e35e6a3a4a77031f1cd142eb7dbf5e59d73
KITTI_mspki/mspki/re_official/seed_3407/snapshots/best.pth.tar,8502791,8fb5c863f3ddbfae21626a83e3f0eb21efc922f3eaf7d489688d44350198fbfc,8fb5c863f3ddbfae21626a83e3f0eb21efc922f3eaf7d489688d44350198fbfc
KITTI_mspki/mspki/re_official/seed_7351/resolved_config.json,3930,718da3e3d3171a2c011e395a17e64306bfd9672a0375044c5883099735eea767,718da3e3d3171a2c011e395a17e64306bfd9672a0375044c5883099735eea767
KITTI_mspki/mspki/re_official/seed_7351/snapshots/best.pth.tar,8502663,6f7e98e4ccfc18fae4d41e5e28d6294d89426afa37a5386241b6415342e1e839,6f7e98e4ccfc18fae4d41e5e28d6294d89426afa37a5386241b6415342e1e839
