model,bin_low,bin_high,pairs,eligible_gt_pairs,ir_mean_percent,ir_sample_sd_pp,rr_pair_mean_percent,rr_pair_sample_sd_pp
baseline,0.1,0.2,332,324,25.772841365461847,0.9873247984309175,59.93975903614458,2.760587768045679
baseline,0.2,0.3,690,669,36.66920289855072,1.4811345310453152,76.03864734299518,0.9429575505286574
baseline,0.3,0.4,571,552,45.671920607122004,1.5126338913718016,81.02743724460011,1.3375877685218438
baseline,0.4,0.5,154,148,48.114285714285714,1.527553893414088,81.81818181818181,2.3412670619896034
baseline,0.5,0.7,34,33,49.89313725490196,0.9167514640447192,80.3921568627451,4.4927212695645515
mspki,0.1,0.2,332,324,30.67284136546185,0.9453454489201631,62.04819277108434,1.506024096385545
mspki,0.2,0.3,690,669,42.606183574879225,1.3080410321564622,75.60386473429952,1.0973735933913518
mspki,0.3,0.4,571,552,52.11214244016346,1.2819530055960315,82.07822533566842,0.9958390022902529
mspki,0.4,0.5,154,148,56.0810606060606,0.7286606461258665,82.9004329004329,2.0873702945872137
mspki,0.5,0.7,34,33,56.457843137254905,1.682024683456067,81.37254901960785,4.49272126956455
