benchmark,corr_cap,baseline_RR_mean_pct,baseline_RR_sd_pct,mspki_RR_mean_pct,mspki_RR_sd_pct,paired_delta_mean_pp,paired_delta_sd_pp,paired_delta_min_pp,paired_delta_max_pp,positive_estimator_seeds,nonpositive_estimator_seeds,estimator_seeds,baseline_IR_pct,mspki_IR_pct
3DMatch,50,87.7172135363714,0.5718813116822578,89.41001917008347,0.5079365792526036,1.692805633712058,0.6544490892885132,0.7425426287047543,2.236937398302274,5,0,"0,1,2,3,4",79.98972732157132,84.32865222665897
3DMatch,100,89.73052344764115,0.5593195483182574,90.10541537156237,0.6064383689860121,0.3748919239212114,0.7850621265757144,-0.5067156991244133,1.2009583707696976,3,2,"0,1,2,3,4",79.38889649349345,83.90688336240149
3DMatch,250,90.66350653007584,0.48064603464491557,91.23640799162922,0.21035815273712313,0.5729014615533942,0.3386702574606354,0.16102649480804132,0.9364704039453073,5,0,"0,1,2,3,4",77.92261909583402,82.87347204550332
3DMatch,500,91.01163441457386,0.79924528943817,91.57925012146131,0.3182492637025057,0.5676157068874573,0.8015113438203809,-0.414406182780354,1.472134342664262,3,2,"0,1,2,3,4",76.22646848724892,81.50515534126818
3DMatch,All,91.17776541486462,0.3104045061627948,92.3610609180429,0.32765136470438766,1.1832955031782688,0.5350696731482736,0.4161338222879607,1.7197687009007865,5,0,"0,1,2,3,4",70.52249857373121,76.23783277722039
3DLoMatch,50,60.74638502155151,0.4901884982704323,66.7016730818589,0.9829634056355252,5.955288060307393,1.3731970783304637,4.208377863658519,7.964758817571223,5,0,"0,1,2,3,4",50.35404129897283,55.467028657476384
3DLoMatch,100,64.86599657227018,0.5629841685748943,69.60882467896293,0.7726432080182165,4.742828106692761,0.9032339768027444,3.5268365178286842,5.653141361525158,5,0,"0,1,2,3,4",49.34262599845655,54.657731079258355
3DLoMatch,250,68.11047125454594,0.6711674944403937,72.11260614664431,0.6529012703420473,4.002134892098363,0.9549078385491278,3.0826862290832793,5.399239464325859,5,0,"0,1,2,3,4",47.834288683420354,53.28685440265313
3DLoMatch,500,69.39980646442002,0.7877242354041117,72.49948284885735,0.5075830826632524,3.099676384437342,1.043602977110021,1.5583817822163866,4.141265886122511,5,0,"0,1,2,3,4",46.07799358401065,51.52375478586987
3DLoMatch,All,70.45105907625545,0.45244536303776145,73.25723701349632,0.7767284272923074,2.806177937240875,0.7300803783372412,1.5348627305708078,3.353885951139347,5,0,"0,1,2,3,4",40.92907205564491,45.830739866350356
