variant,benchmark,corr_cap,estimator_seed,RR_pct,PIR_pct,FMR_pct,IR_pct,mean_RRE_deg,mean_RTE_cm,num_corr,snapshot_sha256,expected_pairs,saved_pairs
baseline,3DMatch,100,0,89.34642641260072,83.32113087025368,98.57195520629857,79.38889649349345,2.89491058532848,8.973049727608762,100.0,a90505165e3114cf9b342c980ddb658f1501f8df157c605bc38dc1a8de20cfb6,1623,1623
baseline,3DMatch,100,1,89.70089113027299,83.32113087025368,98.57195520629857,79.38889649349345,2.813346570526403,8.590186352524531,100.0,a90505165e3114cf9b342c980ddb658f1501f8df157c605bc38dc1a8de20cfb6,1623,1623
baseline,3DMatch,100,2,89.31776595258336,83.32113087025368,98.57195520629857,79.38889649349345,2.881783945806362,8.785794548437048,100.0,a90505165e3114cf9b342c980ddb658f1501f8df157c605bc38dc1a8de20cfb6,1623,1623
baseline,3DMatch,100,3,90.68738246061018,83.32113087025368,98.57195520629857,79.38889649349345,3.0092493723999034,8.904783631022807,100.0,a90505165e3114cf9b342c980ddb658f1501f8df157c605bc38dc1a8de20cfb6,1623,1623
baseline,3DMatch,100,4,89.6001512821385,83.32113087025368,98.57195520629857,79.38889649349345,2.8558089755892264,8.576486705574368,100.0,a90505165e3114cf9b342c980ddb658f1501f8df157c605bc38dc1a8de20cfb6,1623,1623
baseline,3DMatch,250,0,91.2551047363734,83.32113087025368,98.45654931793915,77.92261909583402,2.7630905375714168,8.581652267086938,250.0,a90505165e3114cf9b342c980ddb658f1501f8df157c605bc38dc1a8de20cfb6,1623,1623
baseline,3DMatch,250,1,90.53999820572287,83.32113087025368,98.45654931793915,77.92261909583402,2.625539454094719,8.142940667578696,250.0,a90505165e3114cf9b342c980ddb658f1501f8df157c605bc38dc1a8de20cfb6,1623,1623
baseline,3DMatch,250,2,91.06011165719322,83.32113087025368,98.45654931793915,77.92261909583402,2.7943031337933437,8.449154363392285,250.0,a90505165e3114cf9b342c980ddb658f1501f8df157c605bc38dc1a8de20cfb6,1623,1623
baseline,3DMatch,250,3,90.34883515395764,83.32113087025368,98.45654931793915,77.92261909583402,2.767040373427604,8.531433229698667,250.0,a90505165e3114cf9b342c980ddb658f1501f8df157c605bc38dc1a8de20cfb6,1623,1623
baseline,3DMatch,250,4,90.11348289713209,83.32113087025368,98.45654931793915,77.92261909583402,2.74764763202972,8.285113736115266,250.0,a90505165e3114cf9b342c980ddb658f1501f8df157c605bc38dc1a8de20cfb6,1623,1623
baseline,3DMatch,500,0,91.51767034588399,83.32113087025368,98.43169189796185,76.22646848724892,2.599367405135522,8.258280311944972,500.0,a90505165e3114cf9b342c980ddb658f1501f8df157c605bc38dc1a8de20cfb6,1623,1623
baseline,3DMatch,500,1,90.4923603918225,83.32113087025368,98.43169189796185,76.22646848724892,2.478206355941604,7.907801893450357,500.0,a90505165e3114cf9b342c980ddb658f1501f8df157c605bc38dc1a8de20cfb6,1623,1623
baseline,3DMatch,500,2,90.55494395180071,83.32113087025368,98.43169189796185,76.22646848724892,2.6309869367700647,8.048429243647997,500.0,a90505165e3114cf9b342c980ddb658f1501f8df157c605bc38dc1a8de20cfb6,1623,1623
baseline,3DMatch,500,3,90.32180907926801,83.32113087025368,98.43169189796185,76.22646848724892,2.5940864779549506,7.993283997887815,500.0,a90505165e3114cf9b342c980ddb658f1501f8df157c605bc38dc1a8de20cfb6,1623,1623
baseline,3DMatch,500,4,92.17138830409411,83.32113087025368,98.43169189796185,76.22646848724892,2.652844937783494,8.324836898025008,500.0,a90505165e3114cf9b342c980ddb658f1501f8df157c605bc38dc1a8de20cfb6,1623,1623
baseline,3DMatch,50,0,88.02584467122013,83.32113087025368,98.51197396575509,79.98972732157132,3.150513604608644,8.930786156292807,50.0,a90505165e3114cf9b342c980ddb658f1501f8df157c605bc38dc1a8de20cfb6,1623,1623
baseline,3DMatch,50,1,87.05156335309296,83.32113087025368,98.51197396575509,79.98972732157132,3.1772069348843286,9.049260715176988,50.0,a90505165e3114cf9b342c980ddb658f1501f8df157c605bc38dc1a8de20cfb6,1623,1623
baseline,3DMatch,50,2,87.15076264730632,83.32113087025368,98.51197396575509,79.98972732157132,3.171386375722549,9.384305513336876,50.0,a90505165e3114cf9b342c980ddb658f1501f8df157c605bc38dc1a8de20cfb6,1623,1623
baseline,3DMatch,50,3,88.2852137916852,83.32113087025368,98.51197396575509,79.98972732157132,3.104944961082866,9.09550703520869,50.0,a90505165e3114cf9b342c980ddb658f1501f8df157c605bc38dc1a8de20cfb6,1623,1623
baseline,3DMatch,50,4,88.07268321855244,83.32113087025368,98.51197396575509,79.98972732157132,3.2563735836727496,9.748679986642705,50.0,a90505165e3114cf9b342c980ddb658f1501f8df157c605bc38dc1a8de20cfb6,1623,1623
baseline,3DMatch,All,0,91.48494223346096,83.32113087025368,98.56204394491232,70.52249857373121,2.5023049935680683,8.287310201917721,,a90505165e3114cf9b342c980ddb658f1501f8df157c605bc38dc1a8de20cfb6,1623,1623
baseline,3DMatch,All,1,90.80906473471713,83.32113087025368,98.56204394491232,70.52249857373121,2.4489433267387994,7.985304341482465,,a90505165e3114cf9b342c980ddb658f1501f8df157c605bc38dc1a8de20cfb6,1623,1623
baseline,3DMatch,All,2,91.24907887446231,83.32113087025368,98.56204394491232,70.52249857373121,2.4603316270062514,7.949132478690194,,a90505165e3114cf9b342c980ddb658f1501f8df157c605bc38dc1a8de20cfb6,1623,1623
baseline,3DMatch,All,3,90.89903443057202,83.32113087025368,98.56204394491232,70.52249857373121,2.4763197889273716,7.997928892233309,,a90505165e3114cf9b342c980ddb658f1501f8df157c605bc38dc1a8de20cfb6,1623,1623
baseline,3DMatch,All,4,91.44670680111071,83.32113087025368,98.56204394491232,70.52249857373121,2.500481940575119,8.269045325067312,,a90505165e3114cf9b342c980ddb658f1501f8df157c605bc38dc1a8de20cfb6,1623,1623
baseline,3DLoMatch,100,0,65.0761832421489,51.38163977140013,87.04380461455735,49.34262599845655,4.432382727070907,11.898894381592982,100.0,a90505165e3114cf9b342c980ddb658f1501f8df157c605bc38dc1a8de20cfb6,1781,1781
baseline,3DLoMatch,100,1,64.70050010690099,51.38163977140013,87.04380461455735,49.34262599845655,4.595722982795493,12.387578613597789,100.0,a90505165e3114cf9b342c980ddb658f1501f8df157c605bc38dc1a8de20cfb6,1781,1781
baseline,3DLoMatch,100,2,63.9713968452305,51.38163977140013,87.04380461455735,49.34262599845655,4.650724717849052,12.044835240692056,100.0,a90505165e3114cf9b342c980ddb658f1501f8df157c605bc38dc1a8de20cfb6,1781,1781
baseline,3DLoMatch,100,3,65.42277585734679,51.38163977140013,87.04380461455735,49.34262599845655,4.460290268078661,11.778493288929138,100.0,a90505165e3114cf9b342c980ddb658f1501f8df157c605bc38dc1a8de20cfb6,1781,1781
baseline,3DLoMatch,100,4,65.15912680972372,51.38163977140013,87.04380461455735,49.34262599845655,4.283393373922676,11.59794134194459,100.0,a90505165e3114cf9b342c980ddb658f1501f8df157c605bc38dc1a8de20cfb6,1781,1781
baseline,3DLoMatch,250,0,68.87021195550406,51.38163977140013,86.82196742535378,47.834288683420354,4.14919173083992,11.373098221879427,250.0,a90505165e3114cf9b342c980ddb658f1501f8df157c605bc38dc1a8de20cfb6,1781,1781
baseline,3DLoMatch,250,1,68.74092328028532,51.38163977140013,86.82196742535378,47.834288683420354,4.146392934978516,11.471223704916229,250.0,a90505165e3114cf9b342c980ddb658f1501f8df157c605bc38dc1a8de20cfb6,1781,1781
baseline,3DLoMatch,250,2,67.78235233641894,51.38163977140013,86.82196742535378,47.834288683420354,4.262253115909282,11.401155197945517,250.0,a90505165e3114cf9b342c980ddb658f1501f8df157c605bc38dc1a8de20cfb6,1781,1781
baseline,3DLoMatch,250,3,67.858293742306,51.38163977140013,86.82196742535378,47.834288683420354,4.3627816591316275,11.829537600801423,250.0,a90505165e3114cf9b342c980ddb658f1501f8df157c605bc38dc1a8de20cfb6,1781,1781
baseline,3DLoMatch,250,4,67.30057495821535,51.38163977140013,86.82196742535378,47.834288683420354,4.397943318861216,12.116461977064343,250.0,a90505165e3114cf9b342c980ddb658f1501f8df157c605bc38dc1a8de20cfb6,1781,1781
baseline,3DLoMatch,500,0,70.02105881415444,51.38163977140013,87.07135129338045,46.07799358401065,4.34776044071791,11.938875139472179,500.0,a90505165e3114cf9b342c980ddb658f1501f8df157c605bc38dc1a8de20cfb6,1781,1781
baseline,3DLoMatch,500,1,68.30923446110853,51.38163977140013,87.07135129338045,46.07799358401065,4.098733427405218,11.486875813012878,500.0,a90505165e3114cf9b342c980ddb658f1501f8df157c605bc38dc1a8de20cfb6,1781,1781
baseline,3DLoMatch,500,2,68.99472960820498,51.38163977140013,87.07135129338045,46.07799358401065,4.125914977593643,11.23107169120818,500.0,a90505165e3114cf9b342c980ddb658f1501f8df157c605bc38dc1a8de20cfb6,1781,1781
baseline,3DLoMatch,500,3,70.261483352527,51.38163977140013,87.07135129338045,46.07799358401065,4.012082239425949,11.37399035718879,500.0,a90505165e3114cf9b342c980ddb658f1501f8df157c605bc38dc1a8de20cfb6,1781,1781
baseline,3DLoMatch,500,4,69.4125260861051,51.38163977140013,87.07135129338045,46.07799358401065,4.105928841430928,11.326677597023714,500.0,a90505165e3114cf9b342c980ddb658f1501f8df157c605bc38dc1a8de20cfb6,1781,1781
baseline,3DLoMatch,50,0,60.97401191566279,51.38163977140013,85.96166596544154,50.35404129897283,4.878156356072833,12.631503977638147,50.0,a90505165e3114cf9b342c980ddb658f1501f8df157c605bc38dc1a8de20cfb6,1781,1781
baseline,3DLoMatch,50,1,61.10149305783684,51.38163977140013,85.96166596544154,50.35404129897283,4.923241194583937,13.063620464807158,50.0,a90505165e3114cf9b342c980ddb658f1501f8df157c605bc38dc1a8de20cfb6,1781,1781
baseline,3DLoMatch,50,2,60.82084120490864,51.38163977140013,85.96166596544154,50.35404129897283,4.755121994379875,12.56640237090602,50.0,a90505165e3114cf9b342c980ddb658f1501f8df157c605bc38dc1a8de20cfb6,1781,1781
baseline,3DLoMatch,50,3,59.88782270545725,51.38163977140013,85.96166596544154,50.35404129897283,5.065176449974146,13.06377999815156,50.0,a90505165e3114cf9b342c980ddb658f1501f8df157c605bc38dc1a8de20cfb6,1781,1781
baseline,3DLoMatch,50,4,60.947756223892036,51.38163977140013,85.96166596544154,50.35404129897283,4.903381667442973,12.641343438666253,50.0,a90505165e3114cf9b342c980ddb658f1501f8df157c605bc38dc1a8de20cfb6,1781,1781
baseline,3DLoMatch,All,0,70.30820012885094,51.38163977140013,87.15291557909775,40.92907205564491,3.842995682053009,11.06679009749067,,a90505165e3114cf9b342c980ddb658f1501f8df157c605bc38dc1a8de20cfb6,1781,1781
baseline,3DLoMatch,All,1,70.55730699234131,51.38163977140013,87.15291557909775,40.92907205564491,3.9623907730435546,11.08179151480413,,a90505165e3114cf9b342c980ddb658f1501f8df157c605bc38dc1a8de20cfb6,1781,1781
baseline,3DLoMatch,All,2,69.80682847776849,51.38163977140013,87.15291557909775,40.92907205564491,3.9377580564584655,11.063323514191204,,a90505165e3114cf9b342c980ddb658f1501f8df157c605bc38dc1a8de20cfb6,1781,1781
baseline,3DLoMatch,All,3,70.52659859590852,51.38163977140013,87.15291557909775,40.92907205564491,3.900629468033702,11.388204483370783,,a90505165e3114cf9b342c980ddb658f1501f8df157c605bc38dc1a8de20cfb6,1781,1781
baseline,3DLoMatch,All,4,71.05636118640797,51.38163977140013,87.15291557909775,40.92907205564491,3.988286221506887,11.282426445782779,,a90505165e3114cf9b342c980ddb658f1501f8df157c605bc38dc1a8de20cfb6,1781,1781
mspki,3DMatch,100,0,89.73842818245474,83.86734333978748,98.550504767468,83.90688336240149,2.619042577035108,8.08271365342871,100.0,e3757d69b40a51d68453e46ae853d310adf7a98a3a5461ec832b81677bd23160,1623,1623
mspki,3DMatch,100,1,90.80374450037642,83.86734333978748,98.550504767468,83.90688336240149,2.7607107923127376,8.419287954686475,100.0,e3757d69b40a51d68453e46ae853d310adf7a98a3a5461ec832b81677bd23160,1623,1623
mspki,3DMatch,100,2,90.51872432335306,83.86734333978748,98.550504767468,83.90688336240149,2.596442242271825,7.902269000496644,100.0,e3757d69b40a51d68453e46ae853d310adf7a98a3a5461ec832b81677bd23160,1623,1623
mspki,3DMatch,100,3,90.18066676148577,83.86734333978748,98.550504767468,83.90688336240149,2.7157437250195438,8.545978822619754,100.0,e3757d69b40a51d68453e46ae853d310adf7a98a3a5461ec832b81677bd23160,1623,1623
mspki,3DMatch,100,4,89.28551309014182,83.86734333978748,98.550504767468,83.90688336240149,2.703220149459144,8.164901521678111,100.0,e3757d69b40a51d68453e46ae853d310adf7a98a3a5461ec832b81677bd23160,1623,1623
mspki,3DMatch,250,0,91.41613123118144,83.86734333978748,98.550504767468,82.87347204550332,2.5329761247010696,7.842028767153937,250.0,e3757d69b40a51d68453e46ae853d310adf7a98a3a5461ec832b81677bd23160,1623,1623
mspki,3DMatch,250,1,91.28115170631034,83.86734333978748,98.550504767468,82.87347204550332,2.5719761193139217,8.311691595191434,250.0,e3757d69b40a51d68453e46ae853d310adf7a98a3a5461ec832b81677bd23160,1623,1623
mspki,3DMatch,250,2,91.32660093311645,83.86734333978748,98.550504767468,82.87347204550332,2.4854280688066694,7.816786766723513,250.0,e3757d69b40a51d68453e46ae853d310adf7a98a3a5461ec832b81677bd23160,1623,1623
mspki,3DMatch,250,3,91.28530555790294,83.86734333978748,98.550504767468,82.87347204550332,2.5338571318558,8.096282045055617,250.0,e3757d69b40a51d68453e46ae853d310adf7a98a3a5461ec832b81677bd23160,1623,1623
mspki,3DMatch,250,4,90.872850529635,83.86734333978748,98.550504767468,82.87347204550332,2.57476335189168,7.911318089475477,250.0,e3757d69b40a51d68453e46ae853d310adf7a98a3a5461ec832b81677bd23160,1623,1623
mspki,3DMatch,500,0,91.40280537562757,83.86734333978748,98.71284242980565,81.50515534126818,2.427353126287131,7.7001093393804965,500.0,e3757d69b40a51d68453e46ae853d310adf7a98a3a5461ec832b81677bd23160,1623,1623
mspki,3DMatch,500,1,91.96449473448676,83.86734333978748,98.71284242980565,81.50515534126818,2.4528347498012897,7.792370285793387,500.0,e3757d69b40a51d68453e46ae853d310adf7a98a3a5461ec832b81677bd23160,1623,1623
mspki,3DMatch,500,2,91.63020960563716,83.86734333978748,98.71284242980565,81.50515534126818,2.4684111889228664,8.111813578097928,500.0,e3757d69b40a51d68453e46ae853d310adf7a98a3a5461ec832b81677bd23160,1623,1623
mspki,3DMatch,500,3,91.14175877024135,83.86734333978748,98.71284242980565,81.50515534126818,2.426345999597661,7.788640153565077,500.0,e3757d69b40a51d68453e46ae853d310adf7a98a3a5461ec832b81677bd23160,1623,1623
mspki,3DMatch,500,4,91.75698212131375,83.86734333978748,98.71284242980565,81.50515534126818,2.4857218897254314,7.8745460563636325,500.0,e3757d69b40a51d68453e46ae853d310adf7a98a3a5461ec832b81677bd23160,1623,1623
mspki,3DMatch,50,0,90.18208507161947,83.86734333978748,98.21611891296227,84.32865222665897,2.866206158421632,8.713519177572321,50.0,e3757d69b40a51d68453e46ae853d310adf7a98a3a5461ec832b81677bd23160,1623,1623
mspki,3DMatch,50,1,89.28850075139523,83.86734333978748,98.21611891296227,84.32865222665897,2.923170623925218,8.649963195100243,50.0,e3757d69b40a51d68453e46ae853d310adf7a98a3a5461ec832b81677bd23160,1623,1623
mspki,3DMatch,50,2,89.20074138484023,83.86734333978748,98.21611891296227,84.32865222665897,2.8329571429750726,8.605067775332914,50.0,e3757d69b40a51d68453e46ae853d310adf7a98a3a5461ec832b81677bd23160,1623,1623
mspki,3DMatch,50,3,89.56354279530521,83.86734333978748,98.21611891296227,84.32865222665897,2.9566283039872854,8.802468247564796,50.0,e3757d69b40a51d68453e46ae853d310adf7a98a3a5461ec832b81677bd23160,1623,1623
mspki,3DMatch,50,4,88.8152258472572,83.86734333978748,98.21611891296227,84.32865222665897,2.860739057449198,8.753516208046626,50.0,e3757d69b40a51d68453e46ae853d310adf7a98a3a5461ec832b81677bd23160,1623,1623
mspki,3DMatch,All,0,91.90107605574892,83.86734333978748,98.9179883113214,76.23783277722039,2.4188729301450715,7.781120914593916,,e3757d69b40a51d68453e46ae853d310adf7a98a3a5461ec832b81677bd23160,1623,1623
mspki,3DMatch,All,1,92.52883343561791,83.86734333978748,98.9179883113214,76.23783277722039,2.377048688733028,7.665247772065023,,e3757d69b40a51d68453e46ae853d310adf7a98a3a5461ec832b81677bd23160,1623,1623
mspki,3DMatch,All,2,92.78597792438823,83.86734333978748,98.9179883113214,76.23783277722039,2.3661822099565724,7.647545118992937,,e3757d69b40a51d68453e46ae853d310adf7a98a3a5461ec832b81677bd23160,1623,1623
mspki,3DMatch,All,3,92.28189745754985,83.86734333978748,98.9179883113214,76.23783277722039,2.3826091644050464,7.752734826304628,,e3757d69b40a51d68453e46ae853d310adf7a98a3a5461ec832b81677bd23160,1623,1623
mspki,3DMatch,All,4,92.30751971690955,83.86734333978748,98.9179883113214,76.23783277722039,2.3592556163618976,7.748483221065161,,e3757d69b40a51d68453e46ae853d310adf7a98a3a5461ec832b81677bd23160,1623,1623
mspki,3DLoMatch,100,0,68.60301975997758,52.27394909802412,86.86188086542414,54.657731079258355,4.25250944969637,11.460731810776013,100.0,e3757d69b40a51d68453e46ae853d310adf7a98a3a5461ec832b81677bd23160,1781,1781
mspki,3DLoMatch,100,1,70.35364146842615,52.27394909802412,86.86188086542414,54.657731079258355,4.414189773831522,11.974272514321756,100.0,e3757d69b40a51d68453e46ae853d310adf7a98a3a5461ec832b81677bd23160,1781,1781
mspki,3DLoMatch,100,2,69.40649070285697,52.27394909802412,86.86188086542414,54.657731079258355,4.323802306115222,11.770001873118236,100.0,e3757d69b40a51d68453e46ae853d310adf7a98a3a5461ec832b81677bd23160,1781,1781
mspki,3DLoMatch,100,3,70.42067613069645,52.27394909802412,86.86188086542414,54.657731079258355,4.413329405902414,12.052587224893182,100.0,e3757d69b40a51d68453e46ae853d310adf7a98a3a5461ec832b81677bd23160,1781,1781
mspki,3DLoMatch,100,4,69.26029533285755,52.27394909802412,86.86188086542414,54.657731079258355,4.341701239658436,11.898958521769334,100.0,e3757d69b40a51d68453e46ae853d310adf7a98a3a5461ec832b81677bd23160,1781,1781
mspki,3DLoMatch,250,0,72.03167704598691,52.27394909802412,87.28176327917396,53.28685440265313,4.112414189443282,11.178056820115694,250.0,e3757d69b40a51d68453e46ae853d310adf7a98a3a5461ec832b81677bd23160,1781,1781
mspki,3DLoMatch,250,1,71.8236095093686,52.27394909802412,87.28176327917396,53.28685440265313,4.049640816773406,11.174929904270048,250.0,e3757d69b40a51d68453e46ae853d310adf7a98a3a5461ec832b81677bd23160,1781,1781
mspki,3DLoMatch,250,2,71.7691520648389,52.27394909802412,87.28176327917396,53.28685440265313,4.017694362106394,11.404829426736285,250.0,e3757d69b40a51d68453e46ae853d310adf7a98a3a5461ec832b81677bd23160,1781,1781
mspki,3DLoMatch,250,3,73.25753320663186,52.27394909802412,87.28176327917396,53.28685440265313,4.2069113584188695,11.85174238294805,250.0,e3757d69b40a51d68453e46ae853d310adf7a98a3a5461ec832b81677bd23160,1781,1781
mspki,3DLoMatch,250,4,71.68105890639521,52.27394909802412,87.28176327917396,53.28685440265313,4.062147116479585,11.312413032840784,250.0,e3757d69b40a51d68453e46ae853d310adf7a98a3a5461ec832b81677bd23160,1781,1781
mspki,3DLoMatch,500,0,72.6283289712926,52.27394909802412,87.57524697328434,51.52375478586987,3.9099491946892018,11.030197825304771,500.0,e3757d69b40a51d68453e46ae853d310adf7a98a3a5461ec832b81677bd23160,1781,1781
mspki,3DLoMatch,500,1,72.18897761697778,52.27394909802412,87.57524697328434,51.52375478586987,3.924544444087589,10.883103034820834,500.0,e3757d69b40a51d68453e46ae853d310adf7a98a3a5461ec832b81677bd23160,1781,1781
mspki,3DLoMatch,500,2,73.13599549432749,52.27394909802412,87.57524697328434,51.52375478586987,3.886268089649896,10.562621875546267,500.0,e3757d69b40a51d68453e46ae853d310adf7a98a3a5461ec832b81677bd23160,1781,1781
mspki,3DLoMatch,500,3,71.81986513474338,52.27394909802412,87.57524697328434,51.52375478586987,3.9678845093119364,11.045221098421875,500.0,e3757d69b40a51d68453e46ae853d310adf7a98a3a5461ec832b81677bd23160,1781,1781
mspki,3DLoMatch,500,4,72.7242470269455,52.27394909802412,87.57524697328434,51.52375478586987,3.960652374948919,10.982931568765608,500.0,e3757d69b40a51d68453e46ae853d310adf7a98a3a5461ec832b81677bd23160,1781,1781
mspki,3DLoMatch,50,0,66.99586411579206,52.27394909802412,86.57206424982462,55.467028657476384,4.587207873133686,12.15499799407251,50.0,e3757d69b40a51d68453e46ae853d310adf7a98a3a5461ec832b81677bd23160,1781,1781
mspki,3DLoMatch,50,1,65.30987092149536,52.27394909802412,86.57206424982462,55.467028657476384,4.59077313160379,12.137541200334397,50.0,e3757d69b40a51d68453e46ae853d310adf7a98a3a5461ec832b81677bd23160,1781,1781
mspki,3DLoMatch,50,2,66.16748325995165,52.27394909802412,86.57206424982462,55.467028657476384,4.664953398415761,12.668268706509734,50.0,e3757d69b40a51d68453e46ae853d310adf7a98a3a5461ec832b81677bd23160,1781,1781
mspki,3DLoMatch,50,3,67.85258152302848,52.27394909802412,86.57206424982462,55.467028657476384,4.754381913737529,12.74902287473785,50.0,e3757d69b40a51d68453e46ae853d310adf7a98a3a5461ec832b81677bd23160,1781,1781
mspki,3DLoMatch,50,4,67.18256558902698,52.27394909802412,86.57206424982462,55.467028657476384,4.550034134756743,12.14067225505266,50.0,e3757d69b40a51d68453e46ae853d310adf7a98a3a5461ec832b81677bd23160,1781,1781
mspki,3DLoMatch,All,0,73.32570612647287,52.27394909802412,88.162788870521,45.830739866350356,3.7985408788102775,10.790514868741502,,e3757d69b40a51d68453e46ae853d310adf7a98a3a5461ec832b81677bd23160,1781,1781
mspki,3DLoMatch,All,1,72.09216972291212,52.27394909802412,88.162788870521,45.830739866350356,3.734618696061066,10.72623319851421,,e3757d69b40a51d68453e46ae853d310adf7a98a3a5461ec832b81677bd23160,1781,1781
mspki,3DLoMatch,All,2,73.16071442890784,52.27394909802412,88.162788870521,45.830739866350356,3.8242496822693246,10.683108416822188,,e3757d69b40a51d68453e46ae853d310adf7a98a3a5461ec832b81677bd23160,1781,1781
mspki,3DLoMatch,All,3,73.44755042407799,52.27394909802412,88.162788870521,45.830739866350356,3.9710031314271674,11.32736212316422,,e3757d69b40a51d68453e46ae853d310adf7a98a3a5461ec832b81677bd23160,1781,1781
mspki,3DLoMatch,All,4,74.2600443651108,52.27394909802412,88.162788870521,45.830739866350356,4.00952730743497,10.994615418993702,,e3757d69b40a51d68453e46ae853d310adf7a98a3a5461ec832b81677bd23160,1781,1781
