variant,dtype,stage,observations,mean,median,p95,maximum
baseline,float32,D2_post_context,96,8.70290992528074e-05,4.521301525528543e-05,0.00013039421537541784,0.002461294876411557
baseline,float32,D2_pre_context,96,8.70290992528074e-05,4.521301525528543e-05,0.00013039421537541784,0.002461294876411557
baseline,float32,D3,96,7.690995588897447e-05,4.2602418034221046e-05,0.00013351426969165914,0.001809838693588972
baseline,float32,S2,96,0.00015751280219925926,6.3849725847831e-05,0.0001693047452135943,0.006033716723322868
baseline,float32,S3,96,0.00012267994975445617,6.804359873058274e-05,0.0002150467516912613,0.0029090717434883118
baseline,float32,S4_post_context,96,0.00010054804827556534,5.5510727179353125e-05,0.0001649214536882937,0.0023251939564943314
baseline,float32,S4_pre_context,96,0.00010054804827556534,5.5510727179353125e-05,0.0001649214536882937,0.0023251939564943314
baseline,float32,coarse_RI,96,9.723403763928218e-05,5.679414789483417e-05,0.00017457574358559214,0.0020672024693340063
baseline,float32,final_RE,96,5.800977693108204e-05,3.499522426864132e-05,0.00011770031778723933,0.0009741322137415409
baseline,float32,fine_RI,96,6.660009811791194e-05,3.307893348392099e-05,0.00010515227950236294,0.001881132135167718
baseline,float64,D2_post_context,96,9.603946638983213e-14,6.005988692784898e-14,1.9359610554472008e-13,1.0174056691764653e-12
baseline,float64,D2_pre_context,96,9.603946638983213e-14,6.005988692784898e-14,1.9359610554472008e-13,1.0174056691764653e-12
baseline,float64,D3,96,8.369731356052219e-14,5.811502837967187e-14,2.0715664845900524e-13,7.23373067314808e-13
baseline,float64,S2,96,1.6685460228327698e-13,8.68037681133536e-14,1.8362757673987426e-13,2.467904100034004e-12
baseline,float64,S3,96,1.3745421402739634e-13,9.37829392627313e-14,3.3663089021707703e-13,1.4254628530687032e-12
baseline,float64,S4_post_context,96,1.1316598161717131e-13,7.677071450457416e-14,2.491653143853634e-13,1.1093819530569314e-12
baseline,float64,S4_pre_context,96,1.1316598161717131e-13,7.677071450457416e-14,2.491653143853634e-13,1.1093819530569314e-12
baseline,float64,coarse_RI,96,1.0935190092671696e-13,7.536042993195469e-14,2.1961319621349566e-13,1.0070108850740455e-12
baseline,float64,final_RE,96,6.81529666443889e-14,4.936896029092337e-14,1.6370227153216945e-13,4.969485804719065e-13
baseline,float64,fine_RI,96,7.890263306722987e-14,4.538466376681707e-14,2.320773461585063e-13,7.642382068326945e-13
mspki,float32,D2_post_context,96,0.000991789715347598,0.0009636231116019189,0.0015370605688076466,0.0018715165788307786
mspki,float32,D2_pre_context,96,8.321294023971859e-05,5.386100383475423e-05,0.0001045806311594788,0.0013570061419159174
mspki,float32,D3,96,8.836857034566492e-05,6.485114863608032e-05,0.00013512604346033186,0.0009964043274521828
mspki,float32,S2,96,0.00015990304423970278,8.467749285046011e-05,0.00017117453535320237,0.004058998078107834
mspki,float32,S3,96,0.00013507684100962555,9.417186811333522e-05,0.00019131189401377924,0.0017761776689440012
mspki,float32,S4_post_context,96,0.00010605132729324396,7.413417188217863e-05,0.00016735710960347205,0.0012906966730952263
mspki,float32,S4_pre_context,96,0.00010605132729324396,7.413417188217863e-05,0.00016735710960347205,0.0012906966730952263
mspki,float32,coarse_RI,96,0.00011050893893601217,7.619154712301679e-05,0.00019765018441830762,0.0011465123388916254
mspki,float32,final_RE,96,0.0006330070283790216,0.0005727183015551418,0.0011097097594756633,0.0018826473969966173
mspki,float32,fine_RI,96,0.0008274725538891895,0.0007922211661934853,0.001248157670488581,0.0014944785507395864
mspki,float64,D2_post_context,96,0.00035725358775208146,0.00033694676018107246,0.0007458427776380932,0.0009578063549138548
mspki,float64,D2_pre_context,96,1.0796035479495219e-13,7.728509039625732e-14,1.5338435360866376e-13,1.0017357547776715e-12
mspki,float64,D3,96,1.219186160685784e-13,8.93306009102745e-14,1.8838458306599397e-13,9.063171209574939e-13
mspki,float64,S2,96,1.9737561356605701e-13,1.1637733167523266e-13,2.897253409434857e-13,2.3451985317323023e-12
mspki,float64,S3,96,1.877268736372613e-13,1.263668890215419e-13,3.459140959393646e-13,1.5638840963246947e-12
mspki,float64,S4_post_context,96,1.4516920154816595e-13,1.0302915863638318e-13,2.4324212217301907e-13,1.2513140333285592e-12
mspki,float64,S4_pre_context,96,1.4516920154816595e-13,1.0302915863638318e-13,2.4324212217301907e-13,1.2513140333285592e-12
mspki,float64,coarse_RI,96,1.4513075539798995e-13,1.0133807495739492e-13,3.1077959241716907e-13,1.091197712935154e-12
mspki,float64,final_RE,96,0.00019936503537990824,0.0001611385725654089,0.0005937905566242816,0.000914712731137018
mspki,float64,fine_RI,96,0.00030254935380431516,0.0002956568818089877,0.0006248825526381595,0.0008207213667168862
