seq,src_frame,ref_frame,delta_ir_seed_2026,delta_ir_seed_3407,delta_ir_seed_7351,positive_all_three,positive_at_least_two,negative_all_three
10,0,29,0.14399999999999996,0.050000000000000044,0.17099999999999999,True,True,False
10,101,111,0.05599999999999994,-0.025000000000000022,0.19299999999999995,False,True,False
10,1014,1029,0.041000000000000036,-0.11699999999999999,0.22399999999999998,False,True,False
10,1030,1041,0.08999999999999997,0.062,0.2,True,True,False
10,1042,1052,0.09099999999999997,0.05799999999999994,0.21999999999999997,True,True,False
10,1053,1063,0.05399999999999994,0.381,0.16100000000000003,True,True,False
10,1064,1074,0.08499999999999996,0.05999999999999994,0.22999999999999998,True,True,False
10,1075,1085,-0.006000000000000005,0.06600000000000006,0.17199999999999993,False,True,False
10,1086,1098,0.07299999999999995,0.07600000000000007,0.21499999999999997,True,True,False
10,1099,1121,-0.03600000000000003,0.03200000000000003,0.052999999999999936,False,True,False
10,112,122,0.08200000000000007,0.08099999999999996,0.21199999999999997,True,True,False
10,123,133,0.05800000000000005,0.371,0.22700000000000004,True,True,False
10,134,145,0.019000000000000017,-0.03799999999999998,0.18800000000000006,False,True,False
10,146,157,0.10299999999999998,-0.126,-0.12,False,False,False
10,158,169,0.08500000000000002,0.05099999999999999,0.11399999999999999,True,True,False
10,170,181,0.10899999999999993,0.10200000000000004,0.14000000000000007,True,True,False
10,182,194,0.10799999999999998,-0.10899999999999999,0.09400000000000003,False,True,False
10,195,208,0.177,0.08999999999999997,0.087,True,True,False
10,209,222,0.459,-0.016000000000000014,-0.09899999999999998,False,False,False
10,223,238,0.025999999999999968,0.012999999999999956,-0.034,False,True,False
10,239,254,0.08899999999999997,0.10100000000000003,0.15599999999999997,True,True,False
10,255,269,0.09599999999999997,0.03700000000000003,0.20800000000000007,True,True,False
10,270,283,0.016000000000000014,-0.025000000000000022,-0.03999999999999998,False,False,False
10,284,297,0.14,-0.268,0.314,False,True,False
10,298,310,0.121,0.05499999999999994,0.23899999999999993,True,True,False
10,30,43,0.136,0.08099999999999996,0.241,True,True,False
10,311,323,0.06900000000000006,0.07400000000000007,0.16100000000000003,True,True,False
10,324,336,0.10999999999999999,0.05600000000000005,0.16799999999999993,True,True,False
10,337,349,0.038999999999999924,0.06799999999999995,0.135,True,True,False
10,350,362,-0.0020000000000000018,0.029999999999999916,0.132,False,True,False
10,363,375,0.02400000000000002,0.010000000000000009,0.17600000000000005,True,True,False
10,376,388,0.06300000000000006,0.051000000000000045,0.305,True,True,False
10,389,400,0.05899999999999994,0.0050000000000000044,0.1499999999999999,True,True,False
10,401,412,0.09699999999999998,0.051000000000000045,0.12100000000000011,True,True,False
10,413,423,0.052999999999999936,0.04800000000000004,0.15000000000000002,True,True,False
10,424,434,0.06700000000000006,0.03400000000000003,0.09100000000000008,True,True,False
10,435,445,0.06999999999999995,0.020000000000000018,0.14600000000000002,True,True,False
10,44,55,0.11199999999999999,0.07999999999999996,0.22399999999999998,True,True,False
10,446,456,0.030000000000000027,0.050999999999999934,0.138,True,True,False
10,457,467,0.22799999999999998,0.42499999999999993,0.07499999999999996,True,True,False
10,468,477,0.052999999999999936,0.04799999999999993,0.18299999999999994,True,True,False
10,478,487,-0.018000000000000016,0.02400000000000002,0.18399999999999994,False,True,False
10,488,497,0.08799999999999997,0.259,0.1479999999999999,True,True,False
10,498,507,0.06899999999999995,0.04600000000000004,0.139,True,True,False
10,508,518,0.09900000000000009,0.10699999999999998,0.17300000000000004,True,True,False
10,519,531,0.07699999999999996,0.008000000000000007,0.18699999999999994,True,True,False
10,532,545,0.06999999999999995,0.06999999999999995,0.14600000000000002,True,True,False
10,546,558,0.09100000000000003,0.10299999999999998,0.182,True,True,False
10,559,572,0.057999999999999996,0.041000000000000036,0.129,True,True,False
10,56,68,0.10199999999999998,0.07200000000000001,0.238,True,True,False
10,573,586,0.08899999999999997,-0.01599999999999996,0.16000000000000003,False,True,False
10,587,600,0.04300000000000004,0.08900000000000002,0.135,True,True,False
10,601,621,0.09799999999999998,-0.03600000000000003,0.199,False,True,False
10,622,661,0.09899999999999998,0.121,0.17300000000000004,True,True,False
10,662,678,-0.028999999999999915,0.052999999999999936,0.15800000000000003,False,True,False
10,679,690,0.04500000000000004,0.05799999999999994,0.134,True,True,False
10,69,80,0.09799999999999998,0.052000000000000046,0.15900000000000003,True,True,False
10,691,701,0.09399999999999997,0.07399999999999995,0.16800000000000004,True,True,False
10,702,711,0.08699999999999997,0.06799999999999995,0.20299999999999996,True,True,False
10,712,721,0.07299999999999995,0.020000000000000018,0.14200000000000002,True,True,False
10,722,731,0.031000000000000028,0.051000000000000045,0.15800000000000003,True,True,False
10,732,740,0.03400000000000003,0.05500000000000005,0.17899999999999994,True,True,False
10,741,749,0.08100000000000007,0.09000000000000008,0.16599999999999993,True,True,False
10,750,757,0.08899999999999997,0.05699999999999994,0.16700000000000004,True,True,False
10,758,765,0.09099999999999997,0.06099999999999994,0.16500000000000004,True,True,False
10,766,773,0.07400000000000007,0.05700000000000005,0.18699999999999994,True,True,False
10,774,780,0.02300000000000002,0.04800000000000004,0.17800000000000005,True,True,False
10,781,787,0.06999999999999995,0.041000000000000036,0.21099999999999997,True,True,False
10,788,794,0.029999999999999916,0.05999999999999994,0.10699999999999998,True,True,False
10,795,801,0.04599999999999993,0.038999999999999924,0.10999999999999999,True,True,False
10,802,808,0.025000000000000022,0.04800000000000004,0.11699999999999999,True,True,False
10,809,815,0.04500000000000004,0.061999999999999944,0.11499999999999999,True,True,False
10,81,90,0.06999999999999995,0.07199999999999995,0.16999999999999993,True,True,False
10,816,822,0.06099999999999994,0.061999999999999944,0.15800000000000003,True,True,False
10,823,830,0.03300000000000003,0.10100000000000009,0.1429999999999999,True,True,False
10,831,839,0.05499999999999994,0.051999999999999935,0.15300000000000002,True,True,False
10,840,852,0.07799999999999996,0.04299999999999993,0.16399999999999992,True,True,False
10,853,873,0.023999999999999966,-0.05100000000000002,0.139,False,True,False
10,874,889,0.08299999999999996,0.019000000000000017,0.07100000000000001,True,True,False
10,890,902,0.062000000000000055,0.25700000000000006,0.194,True,True,False
10,903,913,0.05799999999999994,0.06000000000000005,0.16000000000000003,True,True,False
10,91,100,-0.02199999999999991,0.03299999999999992,0.128,False,True,False
10,914,923,0.06000000000000005,0.05699999999999994,0.17700000000000005,True,True,False
10,924,934,0.05999999999999994,0.04299999999999993,0.19499999999999995,True,True,False
10,935,946,0.07899999999999996,0.10299999999999998,0.15300000000000002,True,True,False
10,947,967,0.04400000000000004,0.05300000000000005,0.122,True,True,False
10,968,1013,0.03200000000000003,-0.0019999999999998908,0.334,False,True,False
8,0,14,0.04999999999999993,0.07099999999999995,0.17699999999999994,True,True,False
8,101,109,0.04400000000000004,0.029000000000000026,0.17199999999999993,True,True,False
8,1010,1025,0.04899999999999993,0.07000000000000006,0.14100000000000001,True,True,False
8,1026,1037,0.05399999999999994,0.08099999999999996,0.18299999999999994,True,True,False
8,1038,1048,0.04499999999999993,0.06699999999999995,0.16400000000000003,True,True,False
8,1049,1059,0.05800000000000005,0.08000000000000007,0.17399999999999993,True,True,False
8,1060,1073,0.039000000000000035,0.038000000000000034,0.1150000000000001,True,True,False
8,1074,1089,0.09099999999999997,0.06900000000000006,0.14300000000000002,True,True,False
8,1090,1102,0.07899999999999996,0.08099999999999996,0.12,True,True,False
8,110,118,0.040000000000000036,0.05800000000000005,0.135,True,True,False
8,1103,1113,0.015000000000000013,0.05700000000000005,0.14200000000000002,True,True,False
8,1114,1123,0.06000000000000005,0.08100000000000007,0.15100000000000002,True,True,False
8,1124,1133,0.019000000000000017,0.008000000000000007,0.122,True,True,False
8,1134,1143,0.040000000000000036,0.05600000000000005,0.11099999999999999,True,True,False
8,1144,1153,0.029000000000000026,0.049000000000000044,0.14,True,True,False
8,1154,1163,0.06599999999999995,0.06099999999999994,0.08400000000000007,True,True,False
8,1164,1173,0.026000000000000023,0.07400000000000007,0.11099999999999999,True,True,False
8,1174,1183,0.020000000000000018,0.010999999999999899,0.14300000000000002,True,True,False
8,1184,1194,-0.0040000000000000036,0.014000000000000012,0.031000000000000028,False,True,False
8,119,127,0.028000000000000025,0.05800000000000005,0.16799999999999993,True,True,False
8,1195,1206,0.06000000000000005,0.039000000000000035,0.16200000000000003,True,True,False
8,1207,1220,0.0020000000000000018,0.06600000000000006,0.21700000000000008,True,True,False
8,1221,1238,0.11499999999999999,0.04999999999999993,0.14500000000000002,True,True,False
8,1239,1258,0.07899999999999996,0.04200000000000004,0.119,True,True,False
8,1259,1278,0.04800000000000004,0.0030000000000000027,0.14500000000000002,True,True,False
8,1279,1299,0.10200000000000009,0.06900000000000006,0.127,True,True,False
8,128,136,0.02400000000000002,0.015999999999999903,0.136,True,True,False
8,1300,1329,0.133,-0.066,0.16800000000000004,False,True,False
8,1330,1344,0.030999999999999917,0.01200000000000001,0.23099999999999998,True,True,False
8,1345,1356,0.041000000000000036,0.07800000000000007,0.14500000000000002,True,True,False
8,1357,1367,0.040999999999999925,0.06299999999999994,0.08800000000000008,True,True,False
8,1368,1379,0.06399999999999995,0.07900000000000007,0.17800000000000005,True,True,False
8,137,145,0.020000000000000018,0.050000000000000044,0.124,True,True,False
8,1380,1396,0.04600000000000004,0.04899999999999993,0.09499999999999997,True,True,False
8,1397,1418,0.03500000000000003,0.015000000000000013,0.22399999999999998,True,True,False
8,1419,1433,0.06999999999999995,0.06600000000000006,0.21499999999999997,True,True,False
8,1434,1445,0.17999999999999994,0.06000000000000005,0.132,True,True,False
8,1446,1455,0.03699999999999992,0.08699999999999997,0.14900000000000002,True,True,False
8,1456,1466,0.04600000000000004,0.04800000000000004,0.1339999999999999,True,True,False
8,146,154,0.019999999999999907,0.018999999999999906,0.16300000000000003,True,True,False
8,1467,1481,0.038000000000000034,0.05400000000000005,0.14600000000000002,True,True,False
8,1482,1505,0.006999999999999895,0.07399999999999995,0.16399999999999992,True,True,False
8,1506,1522,0.04799999999999993,0.492,0.05300000000000005,True,True,False
8,1523,1535,0.02300000000000002,0.10199999999999998,0.19000000000000006,True,True,False
8,1536,1547,0.09499999999999997,0.03599999999999992,0.15200000000000002,True,True,False
8,1548,1558,0.03700000000000003,0.02300000000000002,0.15300000000000002,True,True,False
8,155,163,0.029000000000000026,0.11499999999999999,0.18899999999999995,True,True,False
8,1559,1570,0.061999999999999944,0.02399999999999991,0.129,True,True,False
8,1571,1588,0.06600000000000006,0.061999999999999944,0.16000000000000003,True,True,False
8,1589,1621,0.016000000000000014,-0.0030000000000000027,0.13399999999999995,False,True,False
8,1622,1638,0.038000000000000034,0.06599999999999995,0.251,True,True,False
8,1639,1655,0.014000000000000012,0.041000000000000036,0.16000000000000003,True,True,False
8,164,172,0.04499999999999993,0.03299999999999992,0.14,True,True,False
8,1656,1669,0.20300000000000007,0.05800000000000005,0.17399999999999993,True,True,False
8,1670,1680,0.03699999999999992,0.06000000000000005,0.1309999999999999,True,True,False
8,1681,1690,0.09500000000000008,0.06600000000000006,0.19699999999999995,True,True,False
8,1691,1700,0.03199999999999992,-0.009000000000000008,0.15100000000000002,False,True,False
8,1701,1709,0.07099999999999995,0.03700000000000003,0.129,True,True,False
8,1710,1718,0.07300000000000006,0.06000000000000005,0.14,True,True,False
8,1719,1726,0.31000000000000005,0.06700000000000006,0.16300000000000003,True,True,False
8,1727,1734,0.09800000000000009,-0.019000000000000017,0.15800000000000003,False,True,False
8,173,181,0.05600000000000005,0.041000000000000036,0.132,True,True,False
8,1735,1742,-0.0010000000000000009,0.08700000000000008,0.1529999999999999,False,True,False
8,1743,1750,0.07300000000000006,0.049000000000000044,0.14500000000000002,True,True,False
8,1751,1758,0.07700000000000007,0.07399999999999995,0.22399999999999998,True,True,False
8,1759,1767,0.03300000000000003,0.015000000000000013,0.16199999999999992,True,True,False
8,1768,1776,0.09599999999999997,0.0050000000000000044,0.21000000000000008,True,True,False
8,1777,1786,0.07299999999999995,-0.0010000000000000009,0.18899999999999995,False,True,False
8,1787,1798,0.01200000000000001,0.025000000000000022,0.246,True,True,False
8,1799,1816,0.03700000000000003,0.03700000000000003,0.19799999999999995,True,True,False
8,1817,1846,0.177,0.02400000000000002,0.14700000000000002,True,True,False
8,182,189,0.09600000000000009,0.07400000000000007,0.17999999999999994,True,True,False
8,1847,1860,-0.061000000000000054,0.09599999999999997,0.09999999999999998,False,True,False
8,1861,1870,0.016000000000000014,0.06300000000000006,0.119,True,True,False
8,1871,1880,0.04299999999999993,0.06599999999999995,0.136,True,True,False
8,1881,1890,0.07500000000000007,0.04200000000000004,0.18399999999999994,True,True,False
8,1891,1902,0.07099999999999995,0.031000000000000028,0.15900000000000003,True,True,False
8,190,197,0.04700000000000004,0.07899999999999996,0.09699999999999998,True,True,False
8,1903,1923,0.04200000000000004,0.0,0.124,False,True,False
8,1924,1970,0.008000000000000007,0.12300000000000003,0.025000000000000022,True,True,False
8,1971,1996,0.08699999999999997,0.06099999999999994,0.31200000000000006,True,True,False
8,198,206,0.07499999999999996,0.06000000000000005,0.11499999999999999,True,True,False
8,1997,2013,0.049000000000000044,0.02400000000000002,0.172,True,True,False
8,2014,2027,0.05699999999999994,0.040000000000000036,0.17199999999999993,True,True,False
8,2028,2042,0.124,-0.10199999999999998,0.23299999999999998,False,True,False
8,2043,2057,-0.191,-0.013000000000000012,0.18199999999999994,False,False,False
8,2058,2072,0.061999999999999944,0.07899999999999996,0.22699999999999998,True,True,False
8,207,215,0.052999999999999936,0.09799999999999998,0.16899999999999993,True,True,False
8,2073,2087,0.027000000000000024,0.04999999999999993,0.137,True,True,False
8,2088,2102,0.04999999999999993,0.050000000000000044,0.20199999999999996,True,True,False
8,2103,2118,0.061000000000000054,0.08099999999999996,0.238,True,True,False
8,2119,2148,0.15000000000000002,0.03999999999999998,0.26400000000000007,True,True,False
8,2149,2186,-0.04300000000000001,-0.06799999999999999,0.034999999999999996,False,False,False
8,216,224,0.127,0.07799999999999996,0.19599999999999995,True,True,False
8,2187,2201,0.49,0.01200000000000001,0.23000000000000004,True,True,False
8,2202,2213,0.08899999999999997,0.05400000000000005,0.11099999999999999,True,True,False
8,2214,2225,0.06099999999999994,0.05799999999999994,0.18000000000000005,True,True,False
8,2226,2238,0.08699999999999997,0.04800000000000004,0.14600000000000002,True,True,False
8,2239,2263,0.061000000000000054,0.041000000000000036,0.19400000000000006,True,True,False
8,225,234,0.04600000000000004,0.13,0.21500000000000008,True,True,False
8,2264,2291,0.061999999999999944,0.08900000000000008,0.15900000000000003,True,True,False
8,2292,2305,0.03400000000000003,0.05800000000000005,0.16499999999999992,True,True,False
8,2306,2317,0.039999999999999925,0.0020000000000000018,0.124,True,True,False
8,2318,2329,0.05999999999999994,0.010999999999999899,0.08799999999999997,True,True,False
8,2330,2344,0.010000000000000009,0.0010000000000000009,0.17599999999999993,True,True,False
8,2345,2363,0.07499999999999996,0.04200000000000004,0.15500000000000003,True,True,False
8,235,245,0.06500000000000006,0.049000000000000044,0.15599999999999992,True,True,False
8,2364,2385,0.07599999999999996,0.028000000000000025,0.14700000000000002,True,True,False
8,2386,2402,0.07199999999999995,-0.019000000000000017,0.20099999999999996,False,True,False
8,2403,2416,-0.039000000000000035,-0.04600000000000004,0.181,False,False,False
8,2417,2428,0.040000000000000036,0.1070000000000001,0.18900000000000006,True,True,False
8,2429,2440,0.04299999999999993,0.015000000000000013,0.20899999999999996,True,True,False
8,2441,2456,0.05499999999999994,0.07499999999999996,0.09299999999999997,True,True,False
8,2457,2485,0.018999999999999906,0.04899999999999993,0.127,True,True,False
8,246,256,0.04799999999999993,0.10699999999999998,0.16399999999999992,True,True,False
8,2486,2531,0.02100000000000002,0.02200000000000002,0.068,True,True,False
8,2532,2551,0.03599999999999992,-0.040000000000000036,0.266,False,True,False
8,2552,2564,0.0,0.0010000000000000009,0.121,False,True,False
8,2565,2575,0.017000000000000015,0.028999999999999915,0.08699999999999997,True,True,False
8,257,266,0.134,0.04799999999999993,0.124,True,True,False
8,2576,2586,0.014000000000000012,0.050000000000000044,0.14700000000000002,True,True,False
8,2587,2597,0.06299999999999994,0.025000000000000022,0.16500000000000004,True,True,False
8,2598,2613,0.03799999999999992,0.04799999999999993,0.124,True,True,False
8,2614,2642,0.01100000000000001,0.08800000000000002,-0.020999999999999963,False,True,False
8,2643,2658,0.06099999999999994,0.039999999999999925,0.20399999999999996,True,True,False
8,2659,2670,0.08300000000000007,0.027000000000000024,0.15700000000000003,True,True,False
8,267,276,0.07099999999999995,0.08699999999999997,0.16600000000000004,True,True,False
8,2671,2680,0.06900000000000006,0.06600000000000006,0.134,True,True,False
8,2681,2689,0.061999999999999944,0.04799999999999993,0.17499999999999993,True,True,False
8,2690,2698,0.038000000000000034,-0.0050000000000000044,0.18700000000000006,False,True,False
8,2699,2707,0.039000000000000035,0.16000000000000003,0.11099999999999999,True,True,False
8,2708,2716,0.06500000000000006,0.040000000000000036,0.10499999999999998,True,True,False
8,2717,2725,0.0119999999999999,0.014999999999999902,0.138,True,True,False
8,2726,2734,0.0,0.014000000000000012,0.131,False,True,False
8,2735,2743,0.03599999999999992,0.03599999999999992,0.14800000000000002,True,True,False
8,2744,2752,0.0040000000000000036,0.014000000000000012,0.14,True,True,False
8,2753,2761,0.009000000000000008,0.04400000000000004,0.17599999999999993,True,True,False
8,2762,2770,0.016000000000000014,0.05600000000000005,0.08100000000000007,True,True,False
8,277,285,0.08499999999999996,0.04499999999999993,0.17400000000000004,True,True,False
8,2771,2779,0.05799999999999994,0.07099999999999995,0.16699999999999993,True,True,False
8,2780,2788,-0.020000000000000018,0.040000000000000036,0.15300000000000002,False,True,False
8,2789,2797,0.08299999999999996,0.039999999999999925,0.125,True,True,False
8,2798,2807,0.02200000000000002,0.026999999999999913,0.125,True,True,False
8,2808,2817,0.041000000000000036,0.019000000000000017,0.1439999999999999,True,True,False
8,2818,2827,0.04400000000000004,0.009000000000000008,0.17200000000000004,True,True,False
8,2828,2837,0.08799999999999997,0.03499999999999992,0.16199999999999992,True,True,False
8,2838,2847,0.11099999999999999,0.04800000000000004,0.16600000000000004,True,True,False
8,2848,2858,0.05699999999999994,0.0030000000000000027,0.14800000000000002,True,True,False
8,2859,2869,0.06799999999999995,0.05700000000000005,0.11099999999999999,True,True,False
8,286,294,0.1060000000000001,0.08700000000000008,0.19900000000000007,True,True,False
8,2870,2880,0.030999999999999917,-0.03299999999999992,0.10499999999999998,False,True,False
8,2881,2891,0.08699999999999997,0.020000000000000018,0.19100000000000006,True,True,False
8,2892,2902,0.06700000000000006,0.017000000000000015,0.17599999999999993,True,True,False
8,2903,2912,0.132,0.020999999999999908,0.19999999999999996,True,True,False
8,2913,2922,0.10899999999999999,0.017000000000000015,0.138,True,True,False
8,2923,2933,0.041000000000000036,0.23100000000000004,0.20999999999999996,True,True,False
8,2934,2949,0.02299999999999991,0.040000000000000036,0.16900000000000004,True,True,False
8,295,302,0.05599999999999994,0.04399999999999993,0.16200000000000003,True,True,False
8,2950,2965,0.05599999999999994,0.06999999999999995,0.1439999999999999,True,True,False
8,2966,2981,0.07299999999999995,0.04300000000000004,0.14200000000000002,True,True,False
8,2982,2997,0.03200000000000003,0.030000000000000027,0.04300000000000004,True,True,False
8,2998,3012,0.06900000000000006,-0.02200000000000002,0.10299999999999998,False,True,False
8,3013,3025,0.02200000000000002,0.10000000000000009,0.1519999999999999,True,True,False
8,3026,3037,0.10399999999999998,0.10200000000000009,0.22299999999999998,True,True,False
8,303,310,0.04399999999999993,0.03599999999999992,0.16499999999999992,True,True,False
8,3038,3049,0.118,0.09000000000000008,0.16200000000000003,True,True,False
8,3050,3062,0.09300000000000008,0.027000000000000024,0.21000000000000008,True,True,False
8,3063,3074,0.129,0.11099999999999999,0.11499999999999999,True,True,False
8,3075,3087,-0.0050000000000000044,0.04300000000000004,0.19300000000000006,False,True,False
8,3088,3100,0.07200000000000006,0.07700000000000007,0.1529999999999999,True,True,False
8,3101,3112,0.08199999999999996,0.04800000000000004,0.19100000000000006,True,True,False
8,311,319,0.06900000000000006,0.07899999999999996,0.18700000000000006,True,True,False
8,3113,3125,0.07599999999999996,0.05899999999999994,0.19299999999999995,True,True,False
8,3126,3138,0.04599999999999993,0.05899999999999994,0.09099999999999997,True,True,False
8,3139,3150,0.08700000000000008,0.019000000000000017,0.14700000000000002,True,True,False
8,3151,3161,0.05999999999999994,0.031000000000000028,0.15700000000000003,True,True,False
8,3162,3172,-0.484,-0.03399999999999992,0.21900000000000008,False,False,False
8,3173,3182,0.06800000000000006,-0.0020000000000000018,0.15800000000000003,False,True,False
8,3183,3192,0.02300000000000002,0.016000000000000014,0.18400000000000005,True,True,False
8,3193,3202,0.08799999999999997,0.07700000000000007,0.15300000000000002,True,True,False
8,320,328,0.052000000000000046,0.013000000000000012,0.18300000000000005,True,True,False
8,3203,3212,0.07300000000000006,0.04300000000000004,0.15100000000000002,True,True,False
8,3213,3222,0.04799999999999993,0.10599999999999998,0.127,True,True,False
8,3223,3234,0.07899999999999996,0.09199999999999997,0.21600000000000008,True,True,False
8,3235,3246,0.05300000000000005,0.05699999999999994,0.19500000000000006,True,True,False
8,3247,3257,0.052999999999999936,-0.03400000000000003,0.15999999999999992,False,True,False
8,3258,3268,0.11299999999999999,0.013000000000000012,0.16600000000000004,True,True,False
8,3269,3278,0.07000000000000006,0.09499999999999997,0.21200000000000008,True,True,False
8,3279,3288,0.038000000000000034,0.049000000000000044,0.16100000000000003,True,True,False
8,3289,3297,0.050000000000000044,0.006000000000000005,0.20500000000000007,True,True,False
8,329,337,0.04400000000000004,0.02200000000000002,0.126,True,True,False
8,3298,3306,0.05800000000000005,0.038000000000000034,0.18600000000000005,True,True,False
8,3307,3315,0.018000000000000016,0.04399999999999993,0.16700000000000004,True,True,False
8,3316,3325,0.07000000000000006,0.03400000000000003,0.17199999999999993,True,True,False
8,3326,3335,0.08499999999999996,0.05900000000000005,0.19400000000000006,True,True,False
8,3336,3346,0.08599999999999997,0.05999999999999994,0.19599999999999995,True,True,False
8,3347,3357,0.05899999999999994,0.04300000000000004,0.18299999999999994,True,True,False
8,3358,3369,0.129,-0.06099999999999994,-0.018000000000000016,False,False,False
8,3370,3382,0.07400000000000007,0.08999999999999997,0.23899999999999993,True,True,False
8,338,346,0.04399999999999993,0.08499999999999996,0.15400000000000003,True,True,False
8,3383,3398,0.03499999999999992,0.05999999999999994,0.264,True,True,False
8,3399,3418,0.181,0.07100000000000001,0.15600000000000003,True,True,False
8,3419,3446,0.11199999999999999,0.12600000000000003,0.11499999999999999,True,True,False
8,3447,3462,0.386,0.134,0.20400000000000001,True,True,False
8,3463,3475,0.316,0.061999999999999944,0.20399999999999996,True,True,False
8,347,354,0.025000000000000022,0.03400000000000003,0.15200000000000002,True,True,False
8,3476,3486,0.05899999999999994,0.006000000000000005,0.175,True,True,False
8,3487,3497,0.03600000000000003,0.10399999999999998,0.24,True,True,False
8,3498,3507,0.07400000000000007,0.08599999999999997,0.134,True,True,False
8,3508,3517,0.07899999999999996,0.07000000000000006,0.08799999999999997,True,True,False
8,3518,3527,-0.30599999999999994,-0.185,0.27699999999999997,False,False,False
8,3528,3537,0.08600000000000008,0.038999999999999924,0.23199999999999998,True,True,False
8,3538,3547,0.07599999999999996,0.02300000000000002,0.17499999999999993,True,True,False
8,3548,3557,0.07499999999999996,0.08299999999999996,0.16499999999999992,True,True,False
8,355,362,0.123,0.06799999999999995,0.11599999999999999,True,True,False
8,3558,3568,0.09199999999999997,0.050000000000000044,0.129,True,True,False
8,3569,3579,0.052999999999999936,0.07900000000000007,0.18099999999999994,True,True,False
8,3580,3591,0.03700000000000003,0.007000000000000006,0.21400000000000008,True,True,False
8,3592,3603,0.09299999999999997,0.008000000000000007,0.1509999999999999,True,True,False
8,3604,3614,0.0119999999999999,-0.04500000000000004,0.15699999999999992,False,True,False
8,3615,3626,0.010000000000000009,0.017000000000000015,0.129,True,True,False
8,3627,3638,0.05599999999999994,0.10499999999999998,0.20299999999999996,True,True,False
8,363,371,0.06700000000000006,0.05700000000000005,0.14100000000000001,True,True,False
8,3639,3650,0.10099999999999998,0.123,0.14500000000000002,True,True,False
8,3651,3662,0.07700000000000007,0.052000000000000046,0.18700000000000006,True,True,False
8,3663,3673,0.04699999999999993,0.06799999999999995,0.20699999999999996,True,True,False
8,3674,3684,0.09099999999999997,0.06599999999999995,0.136,True,True,False
8,3685,3696,0.05599999999999994,0.10999999999999999,0.1050000000000001,True,True,False
8,3697,3708,0.028999999999999915,0.038000000000000034,0.16000000000000003,True,True,False
8,3709,3725,0.06899999999999995,0.0040000000000000036,0.17600000000000005,True,True,False
8,372,381,0.04899999999999993,0.03500000000000003,0.1120000000000001,True,True,False
8,3726,3753,0.10300000000000009,-0.027000000000000024,0.19499999999999995,False,True,False
8,3754,3774,0.07299999999999995,0.07200000000000006,0.1479999999999999,True,True,False
8,3775,3787,0.06600000000000006,0.039999999999999925,0.129,True,True,False
8,3788,3797,0.05900000000000005,0.03200000000000003,0.128,True,True,False
8,3798,3806,0.062000000000000055,0.008000000000000007,0.18099999999999994,True,True,False
8,3807,3815,0.03399999999999992,-0.02400000000000002,0.10499999999999998,False,True,False
8,3816,3824,0.038000000000000034,0.06000000000000005,0.118,True,True,False
8,382,392,0.07200000000000006,0.0010000000000000009,0.14100000000000001,True,True,False
8,3825,3833,0.10000000000000009,0.04500000000000004,0.10599999999999998,True,True,False
8,3834,3842,0.06300000000000006,0.01100000000000001,0.027000000000000024,True,True,False
8,3843,3851,0.03699999999999992,0.03599999999999992,0.10699999999999998,True,True,False
8,3852,3861,0.07300000000000006,0.013000000000000012,0.10299999999999998,True,True,False
8,3862,3871,0.05899999999999994,0.04499999999999993,0.18299999999999994,True,True,False
8,3872,3881,0.06599999999999995,0.019999999999999907,0.137,True,True,False
8,3882,3890,0.009000000000000008,0.05300000000000005,0.08400000000000007,True,True,False
8,3891,3899,0.10200000000000009,0.01100000000000001,0.139,True,True,False
8,3900,3908,0.029000000000000026,-0.015000000000000013,0.10399999999999998,False,True,False
8,3909,3918,0.04800000000000004,0.08299999999999996,0.14900000000000002,True,True,False
8,3919,3928,0.07500000000000007,0.027000000000000024,0.18800000000000006,True,True,False
8,3929,3938,0.08899999999999997,0.05800000000000005,0.14,True,True,False
8,393,408,0.10199999999999998,0.05800000000000005,0.20999999999999996,True,True,False
8,3939,3949,0.010999999999999899,0.03699999999999992,0.14800000000000002,True,True,False
8,3950,3962,-0.020999999999999908,0.061999999999999944,0.15300000000000002,False,True,False
8,3963,3980,0.04799999999999993,-0.0050000000000000044,0.15300000000000002,False,True,False
8,3981,4043,0.17899999999999994,-0.05399999999999994,0.16600000000000004,False,True,False
8,4044,4062,0.062000000000000055,0.049000000000000044,0.04200000000000004,True,True,False
8,409,425,0.10899999999999999,0.05899999999999994,0.22400000000000003,True,True,False
8,426,437,0.061000000000000054,0.05300000000000005,0.19500000000000006,True,True,False
8,438,447,0.07599999999999996,0.03400000000000003,0.17600000000000005,True,True,False
8,448,457,0.041000000000000036,-0.029999999999999916,0.08899999999999997,False,True,False
8,458,468,0.040999999999999925,0.0,0.132,False,True,False
8,469,481,0.1339999999999999,0.07800000000000007,0.18599999999999994,True,True,False
8,482,497,0.09699999999999998,0.11299999999999999,0.134,True,True,False
8,498,513,0.029000000000000026,0.04899999999999993,0.2290000000000001,True,True,False
8,514,526,0.030000000000000027,0.07300000000000006,0.14800000000000002,True,True,False
8,527,538,0.062000000000000055,0.05500000000000005,0.19300000000000006,True,True,False
8,539,550,0.04600000000000004,0.06000000000000005,0.122,True,True,False
8,551,562,-0.42,0.026000000000000023,0.10400000000000009,False,True,False
8,563,574,0.05400000000000005,0.08699999999999997,0.18300000000000005,True,True,False
8,575,586,0.04699999999999993,0.09499999999999997,0.136,True,True,False
8,587,598,0.06900000000000006,0.01200000000000001,0.129,True,True,False
8,59,78,0.0,-0.001,0.0,False,False,False
8,599,610,0.08399999999999996,0.04300000000000004,0.137,True,True,False
8,611,621,0.04700000000000004,0.07099999999999995,0.139,True,True,False
8,622,633,0.09299999999999997,0.027000000000000024,0.10499999999999998,True,True,False
8,634,645,0.06600000000000006,0.04799999999999993,0.14300000000000002,True,True,False
8,646,657,0.05899999999999994,0.040999999999999925,0.17099999999999993,True,True,False
8,658,669,0.05500000000000005,0.051000000000000045,0.16800000000000004,True,True,False
8,670,682,0.05899999999999994,0.049000000000000044,0.14700000000000002,True,True,False
8,683,704,0.050999999999999934,0.05799999999999994,0.11299999999999999,True,True,False
8,705,726,0.10699999999999998,0.13599999999999995,0.09999999999999998,True,True,False
8,727,739,0.04499999999999993,0.02300000000000002,0.09400000000000008,True,True,False
8,740,750,0.08200000000000007,0.04700000000000004,0.17099999999999993,True,True,False
8,751,761,0.07000000000000006,0.08699999999999997,0.125,True,True,False
8,762,774,0.07599999999999996,0.06899999999999995,0.15100000000000002,True,True,False
8,775,793,0.03299999999999992,0.04899999999999993,0.124,True,True,False
8,79,90,-0.032999999999999974,0.01100000000000001,0.09500000000000003,False,True,False
8,794,811,0.14400000000000002,0.12399999999999994,0.12800000000000006,True,True,False
8,812,824,0.051999999999999935,0.08399999999999996,0.135,True,True,False
8,825,835,0.07200000000000006,0.08000000000000007,0.07500000000000007,True,True,False
8,836,845,0.04300000000000004,0.07600000000000007,0.129,True,True,False
8,846,855,0.07599999999999996,0.08399999999999996,0.15700000000000003,True,True,False
8,856,867,0.09100000000000008,0.028000000000000025,0.16000000000000003,True,True,False
8,868,880,0.04700000000000004,-0.11599999999999999,0.08399999999999996,False,True,False
8,881,892,0.02200000000000002,0.01100000000000001,0.136,True,True,False
8,893,904,0.018000000000000016,0.02400000000000002,0.10899999999999999,True,True,False
8,905,915,0.02400000000000002,0.07100000000000006,0.10000000000000009,True,True,False
8,91,100,0.02400000000000002,0.031000000000000028,0.25499999999999995,True,True,False
8,916,926,0.06700000000000006,0.08400000000000007,0.124,True,True,False
8,927,938,-0.0050000000000000044,0.07400000000000007,0.10899999999999999,False,True,False
8,939,950,0.07699999999999996,0.01100000000000001,0.14800000000000002,True,True,False
8,951,962,0.051000000000000045,0.05300000000000005,0.09900000000000009,True,True,False
8,963,974,0.06600000000000006,0.051000000000000045,0.09399999999999997,True,True,False
8,975,988,0.09200000000000008,0.031000000000000028,0.09600000000000009,True,True,False
8,989,1009,0.08599999999999997,0.09199999999999997,0.18799999999999994,True,True,False
9,0,24,0.09699999999999998,0.08899999999999997,0.29900000000000004,True,True,False
9,1005,1015,0.062000000000000055,0.08300000000000007,0.18299999999999994,True,True,False
9,1016,1025,0.08200000000000007,0.06800000000000006,0.14700000000000002,True,True,False
9,1026,1035,0.02400000000000002,0.05400000000000005,0.10100000000000009,True,True,False
9,1036,1045,0.06000000000000005,0.04300000000000004,0.127,True,True,False
9,104,112,0.09299999999999997,0.09199999999999997,0.21499999999999997,True,True,False
9,1046,1055,0.0020000000000000018,0.03400000000000003,0.15800000000000003,True,True,False
9,1056,1065,0.016000000000000014,0.040000000000000036,0.11399999999999999,True,True,False
9,1066,1076,0.08400000000000007,0.029000000000000026,0.1309999999999999,True,True,False
9,1077,1087,0.05600000000000005,0.030000000000000027,0.19400000000000006,True,True,False
9,1088,1101,0.09199999999999997,0.08799999999999997,0.17699999999999994,True,True,False
9,1102,1117,0.14400000000000002,0.10899999999999999,0.26899999999999996,True,True,False
9,1118,1131,0.08500000000000008,0.09300000000000008,0.134,True,True,False
9,113,121,0.0020000000000000018,0.018000000000000016,0.15800000000000003,True,True,False
9,1132,1143,0.08299999999999996,0.07899999999999996,0.16800000000000004,True,True,False
9,1144,1153,0.04599999999999993,0.028999999999999915,0.14600000000000002,True,True,False
9,1154,1163,0.05900000000000005,0.06600000000000006,0.15500000000000003,True,True,False
9,1164,1173,0.02300000000000002,0.02400000000000002,0.15700000000000003,True,True,False
9,1174,1183,0.09000000000000008,-0.006000000000000005,0.18099999999999994,False,True,False
9,1184,1192,0.04600000000000004,0.01100000000000001,0.15899999999999992,True,True,False
9,1193,1201,0.05599999999999994,0.07799999999999996,0.238,True,True,False
9,1202,1209,-0.0010000000000000009,0.06400000000000006,0.10299999999999998,False,True,False
9,1210,1217,0.08500000000000008,0.10699999999999998,0.19299999999999995,True,True,False
9,1218,1225,0.08500000000000008,0.05400000000000005,0.125,True,True,False
9,122,130,0.05700000000000005,0.014000000000000012,0.17300000000000004,True,True,False
9,1226,1233,0.041000000000000036,0.05800000000000005,0.132,True,True,False
9,1234,1241,0.039000000000000035,0.040000000000000036,0.16299999999999992,True,True,False
9,1242,1249,0.10399999999999998,0.07299999999999995,0.134,True,True,False
9,1250,1256,0.040000000000000036,0.03400000000000003,0.11299999999999999,True,True,False
9,1257,1263,0.040000000000000036,0.06000000000000005,0.18400000000000005,True,True,False
9,1264,1270,0.049000000000000044,0.018000000000000016,0.15500000000000003,True,True,False
9,1271,1277,0.06800000000000006,0.062000000000000055,0.131,True,True,False
9,1278,1284,0.03500000000000003,0.051000000000000045,0.136,True,True,False
9,1285,1291,0.04400000000000004,0.06799999999999995,0.17600000000000005,True,True,False
9,1292,1298,0.02100000000000002,0.052000000000000046,0.1489999999999999,True,True,False
9,1299,1305,0.020999999999999908,0.03699999999999992,0.1469999999999999,True,True,False
9,1306,1312,0.038999999999999924,0.038999999999999924,0.121,True,True,False
9,131,138,0.018000000000000016,0.04700000000000004,0.20499999999999996,True,True,False
9,1313,1319,0.07099999999999995,0.061999999999999944,0.19499999999999995,True,True,False
9,1320,1326,0.061000000000000054,0.04700000000000004,0.118,True,True,False
9,1327,1333,0.02300000000000002,0.03199999999999992,0.138,True,True,False
9,1334,1340,0.007000000000000006,0.04400000000000004,0.08599999999999997,True,True,False
9,1341,1347,0.04499999999999993,0.08499999999999996,0.19100000000000006,True,True,False
9,1348,1354,0.09799999999999998,0.07399999999999995,0.21199999999999997,True,True,False
9,1355,1362,0.08399999999999996,0.08099999999999996,0.263,True,True,False
9,1363,1369,0.06899999999999995,0.052999999999999936,0.17199999999999993,True,True,False
9,1370,1376,0.06500000000000006,0.08099999999999996,0.18499999999999994,True,True,False
9,1377,1383,0.05799999999999994,0.06499999999999995,0.237,True,True,False
9,1384,1390,0.07899999999999996,0.08300000000000007,0.21300000000000008,True,True,False
9,139,147,0.07299999999999995,0.026000000000000023,0.20199999999999996,True,True,False
9,1391,1397,0.02499999999999991,0.04299999999999993,0.19900000000000007,True,True,False
9,1398,1404,0.09399999999999997,0.07699999999999996,0.16700000000000004,True,True,False
9,1405,1411,0.05900000000000005,0.07300000000000006,0.20000000000000007,True,True,False
9,1412,1418,0.050000000000000044,0.03200000000000003,0.14400000000000002,True,True,False
9,1419,1425,0.06300000000000006,0.07499999999999996,0.14100000000000001,True,True,False
9,1426,1432,0.06299999999999994,0.04500000000000004,0.17799999999999994,True,True,False
9,1433,1439,0.07100000000000006,0.052000000000000046,0.21599999999999997,True,True,False
9,1440,1446,0.06599999999999995,0.039000000000000035,0.242,True,True,False
9,1447,1453,0.061000000000000054,0.07400000000000007,0.19100000000000006,True,True,False
9,1454,1460,0.04300000000000004,0.062000000000000055,0.16000000000000003,True,True,False
9,1461,1467,0.06300000000000006,0.05700000000000005,0.16000000000000003,True,True,False
9,1468,1475,0.05700000000000005,0.10099999999999998,0.129,True,True,False
9,1476,1483,0.04200000000000004,0.04300000000000004,0.17600000000000005,True,True,False
9,148,156,0.061999999999999944,0.04200000000000004,0.14800000000000002,True,True,False
9,1484,1493,0.038000000000000034,-0.0010000000000000009,0.14200000000000002,False,True,False
9,1494,1508,0.08700000000000008,0.03500000000000003,0.10899999999999999,True,True,False
9,1509,1528,-0.11599999999999999,-0.007000000000000006,0.056999999999999995,False,False,False
9,1529,1544,0.07599999999999996,0.07199999999999995,0.139,True,True,False
9,1545,1557,0.031000000000000028,0.09199999999999997,0.19699999999999995,True,True,False
9,1558,1570,0.038000000000000034,0.06000000000000005,0.18299999999999994,True,True,False
9,157,166,0.052000000000000046,0.02199999999999991,0.236,True,True,False
9,1571,1584,0.08900000000000008,0.07700000000000007,0.20599999999999996,True,True,False
9,167,176,0.03400000000000003,0.03700000000000003,0.07699999999999996,True,True,False
9,177,187,0.10799999999999998,0.132,0.21000000000000008,True,True,False
9,188,199,0.09899999999999998,0.07599999999999996,0.238,True,True,False
9,200,211,0.09800000000000009,0.05699999999999994,0.20300000000000007,True,True,False
9,212,222,0.08299999999999996,0.03299999999999992,0.14700000000000002,True,True,False
9,223,231,-0.0010000000000000009,0.016000000000000014,0.20200000000000007,False,True,False
9,232,240,0.018000000000000016,0.04200000000000004,0.18999999999999995,True,True,False
9,241,248,0.041000000000000036,0.05400000000000005,0.17899999999999994,True,True,False
9,249,256,-0.0010000000000000009,0.14,0.16000000000000003,False,True,False
9,25,40,-0.32600000000000007,0.09499999999999997,0.661,False,True,False
9,257,263,0.08100000000000007,0.05500000000000005,0.20100000000000007,True,True,False
9,264,270,-0.025000000000000022,0.05600000000000005,0.17900000000000005,False,True,False
9,271,277,0.05900000000000005,0.05500000000000005,0.1469999999999999,True,True,False
9,278,284,0.10300000000000009,0.041000000000000036,0.122,True,True,False
9,285,292,0.131,0.06099999999999994,0.17400000000000004,True,True,False
9,293,300,0.11199999999999999,0.061000000000000054,0.16900000000000004,True,True,False
9,301,309,0.08600000000000008,0.03600000000000003,0.1529999999999999,True,True,False
9,310,319,0.025000000000000022,0.041000000000000036,0.17200000000000004,True,True,False
9,320,329,0.028000000000000025,0.04800000000000004,0.138,True,True,False
9,330,340,0.050999999999999934,0.038999999999999924,0.17400000000000004,True,True,False
9,341,351,0.08799999999999997,0.07600000000000007,0.16999999999999993,True,True,False
9,352,362,0.08299999999999996,0.05799999999999994,0.19199999999999995,True,True,False
9,363,373,0.08499999999999996,-0.030000000000000027,0.19799999999999995,False,True,False
9,374,384,0.061999999999999944,0.020999999999999908,0.15400000000000003,True,True,False
9,385,395,0.04399999999999993,0.029000000000000026,0.10000000000000009,True,True,False
9,396,406,0.05799999999999994,0.04699999999999993,0.11399999999999999,True,True,False
9,407,417,0.07500000000000007,0.009000000000000008,0.15600000000000003,True,True,False
9,41,53,0.119,0.06899999999999995,0.628,True,True,False
9,418,428,0.05800000000000005,0.017000000000000015,0.449,True,True,False
9,429,439,0.10899999999999999,0.04300000000000004,0.21299999999999997,True,True,False
9,440,449,0.06900000000000006,0.10499999999999998,0.10099999999999998,True,True,False
9,450,459,0.051000000000000045,0.061000000000000054,0.10100000000000009,True,True,False
9,460,468,0.010999999999999899,0.02300000000000002,0.09699999999999998,True,True,False
9,469,477,0.039999999999999925,0.03400000000000003,0.118,True,True,False
9,478,486,0.04599999999999993,0.04499999999999993,0.11599999999999999,True,True,False
9,487,496,0.038999999999999924,0.03799999999999992,0.19199999999999995,True,True,False
9,497,506,0.03199999999999992,0.041999999999999926,0.16100000000000003,True,True,False
9,507,517,0.05799999999999994,0.06599999999999995,0.128,True,True,False
9,518,528,0.04299999999999993,0.03699999999999992,0.15000000000000002,True,True,False
9,529,539,0.03400000000000003,0.038000000000000034,0.18300000000000005,True,True,False
9,54,64,0.038000000000000034,0.009000000000000008,0.20399999999999996,True,True,False
9,540,549,0.02400000000000002,0.041000000000000036,0.18500000000000005,True,True,False
9,550,558,0.05800000000000005,0.04700000000000004,0.10499999999999998,True,True,False
9,559,567,0.039000000000000035,0.062000000000000055,0.11399999999999999,True,True,False
9,568,577,0.08699999999999997,0.06600000000000006,0.1499999999999999,True,True,False
9,578,586,0.031000000000000028,0.052999999999999936,0.20500000000000007,True,True,False
9,587,595,0.09799999999999998,0.03199999999999992,0.248,True,True,False
9,596,605,0.03600000000000003,0.016999999999999904,0.14,True,True,False
9,606,615,0.07799999999999996,0.039000000000000035,0.17399999999999993,True,True,False
9,616,626,0.08999999999999997,-0.010000000000000009,0.18699999999999994,False,True,False
9,627,637,0.10599999999999998,0.06499999999999995,0.11299999999999999,True,True,False
9,638,650,0.04299999999999993,0.028999999999999915,0.10399999999999998,True,True,False
9,65,74,0.04400000000000004,0.07300000000000006,0.16200000000000003,True,True,False
9,651,663,0.038000000000000034,0.04299999999999993,0.11299999999999999,True,True,False
9,664,676,0.06900000000000006,0.04600000000000004,0.14900000000000002,True,True,False
9,677,688,0.04700000000000004,0.10299999999999998,0.18499999999999994,True,True,False
9,689,700,0.039000000000000035,0.05900000000000005,0.119,True,True,False
9,701,712,0.06399999999999995,0.01200000000000001,0.18100000000000005,True,True,False
9,713,723,0.062000000000000055,0.039000000000000035,0.1489999999999999,True,True,False
9,724,733,0.06800000000000006,0.05800000000000005,0.15400000000000003,True,True,False
9,734,743,0.05800000000000005,0.025000000000000022,0.128,True,True,False
9,744,752,0.03300000000000003,0.06500000000000006,0.17499999999999993,True,True,False
9,75,84,0.06000000000000005,0.018000000000000016,0.16700000000000004,True,True,False
9,753,761,0.07600000000000007,0.040000000000000036,0.18799999999999994,True,True,False
9,762,770,0.025000000000000022,0.006000000000000005,0.126,True,True,False
9,771,778,0.05600000000000005,0.0040000000000000036,0.118,True,True,False
9,779,786,0.05300000000000005,0.05500000000000005,0.14100000000000001,True,True,False
9,787,794,0.09699999999999998,0.06500000000000006,0.16299999999999992,True,True,False
9,795,802,0.10099999999999998,0.05499999999999994,0.14100000000000001,True,True,False
9,803,810,0.061999999999999944,0.009000000000000008,0.138,True,True,False
9,811,818,0.04200000000000004,0.03699999999999992,0.122,True,True,False
9,819,826,0.05599999999999994,0.06999999999999995,0.18599999999999994,True,True,False
9,827,834,0.06499999999999995,0.08999999999999997,0.14600000000000002,True,True,False
9,835,843,0.02399999999999991,0.07599999999999996,0.14300000000000002,True,True,False
9,844,853,0.04400000000000004,0.006000000000000005,0.15699999999999992,True,True,False
9,85,94,0.04999999999999993,0.05399999999999994,0.15800000000000003,True,True,False
9,854,863,0.05300000000000005,0.049000000000000044,0.15000000000000002,True,True,False
9,864,873,0.06500000000000006,0.06500000000000006,0.14500000000000002,True,True,False
9,874,883,0.04999999999999993,0.11599999999999999,0.138,True,True,False
9,884,892,0.08799999999999997,0.07300000000000006,0.11699999999999999,True,True,False
9,893,901,0.03300000000000003,0.04800000000000004,0.1359999999999999,True,True,False
9,902,910,0.04700000000000004,0.007000000000000006,0.121,True,True,False
9,911,920,0.129,0.11199999999999999,0.17899999999999994,True,True,False
9,921,933,0.0020000000000000018,0.030000000000000027,0.10899999999999999,True,True,False
9,934,947,0.07500000000000007,0.10699999999999998,0.20599999999999996,True,True,False
9,948,961,0.010000000000000009,0.04799999999999993,0.19699999999999995,True,True,False
9,95,103,0.04400000000000004,0.07000000000000006,0.19999999999999996,True,True,False
9,962,976,0.05400000000000005,0.06300000000000006,0.128,True,True,False
9,977,991,0.08799999999999997,0.08099999999999996,0.14800000000000002,True,True,False
9,992,1004,0.025999999999999912,0.051999999999999935,0.123,True,True,False
