model,benchmark,method_tag,num_corr,PIR,FMR,IR,RR,RRE_deg,RTE_cm
baseline,3DMatch,ransac_n50,50.0,83.32113087025368,98.51197396575509,79.98972732157132,87.89189440568816,3.2108437836598394,9.44124430394419
baseline,3DMatch,ransac_n100,100.0,83.32113087025368,98.57195520629857,79.38889649349345,89.15520576643827,2.9884090966236827,8.735780231179508
baseline,3DMatch,ransac_n250,250.0,83.32113087025368,98.45654931793915,77.92261909583402,90.3339326998822,2.7574010293344573,8.458767873678807
baseline,3DMatch,ransac_n500,500.0,83.32113087025368,98.43169189796185,76.22646848724892,92.05876970773807,2.5702527441486653,8.123776662685096
baseline,3DMatch,ransac,,83.32113087025368,98.56204394491232,70.52249857373121,91.2211959388074,2.5116348132500077,7.912879657116911
baseline,3DMatch,fhp,,83.32113087025368,98.56204394491232,70.52249857373121,93.53972304816949,1.844824183033936,6.2848553599633785
baseline,3DLoMatch,ransac_n50,50.0,51.38163977140013,85.96166596544154,50.35404129897283,60.175932037046366,4.952397023751006,13.595767821752801
baseline,3DLoMatch,ransac_n100,100.0,51.38163977140013,87.04380461455735,49.34262599845655,64.7820288412795,4.467513844448364,11.978332068387914
baseline,3DLoMatch,ransac_n250,250.0,51.38163977140013,86.82196742535378,47.834288683420354,68.01505095717228,4.079387434978393,11.363181102095785
baseline,3DLoMatch,ransac_n500,500.0,51.38163977140013,87.07135129338045,46.07799358401065,70.8049284932296,4.100686572326378,11.229684328889316
baseline,3DLoMatch,ransac,,51.38163977140013,87.15291557909775,40.92907205564491,70.8147059415283,3.9943910685191124,11.483146330645667
baseline,3DLoMatch,fhp,,51.38163977140013,87.15291557909775,40.92907205564491,74.89277585704033,2.871821890323634,8.783591360385696
mspki,3DMatch,ransac_n50,50.0,83.86734333978748,98.21611891296227,84.32865222665897,89.61506823101772,2.938250921840304,8.832232702585491
mspki,3DMatch,ransac_n100,100.0,83.86734333978748,98.550504767468,83.90688336240149,90.79841701863384,2.7013458446236407,8.420230469976905
mspki,3DMatch,ransac_n250,250.0,83.86734333978748,98.550504767468,82.87347204550332,91.74739265417713,2.5705555027504094,8.071967131853775
mspki,3DMatch,ransac_n500,500.0,83.86734333978748,98.71284242980565,81.50515534126818,91.59016719717647,2.4017710092552997,7.751870082007881
mspki,3DMatch,ransac,,83.86734333978748,98.9179883113214,76.23783277722039,92.40329214448852,2.38933216497772,7.845823546760003
mspki,3DMatch,fhp,,83.86734333978748,98.9179883113214,76.23783277722039,94.07657472702437,1.8018962568339538,6.270748094722804
mspki,3DLoMatch,ransac_n50,50.0,52.27394909802412,86.57206424982462,55.467028657476384,66.64180587364723,4.823103890964603,12.663003338658536
mspki,3DLoMatch,ransac_n100,100.0,52.27394909802412,86.86188086542414,54.657731079258355,69.5198364824881,4.256346710034434,11.825968552936109
mspki,3DLoMatch,ransac_n250,250.0,52.27394909802412,87.28176327917396,53.28685440265313,72.27004546467013,4.138459787556069,11.415697356593334
mspki,3DLoMatch,ransac_n500,500.0,52.27394909802412,87.57524697328434,51.52375478586987,72.24820421078044,4.109813826094886,11.275919188220481
mspki,3DLoMatch,ransac,,52.27394909802412,88.162788870521,45.830739866350356,72.54371177797464,3.992014682608854,11.144235769245734
mspki,3DLoMatch,fhp,,52.27394909802412,88.162788870521,45.830739866350356,77.76308083671253,2.797702238350065,8.793922979794596
